Workbook

Sheet 건비이사탕
B1: No. | F1: 총용량 | G1: 1g 금액 | H1: 1첩 금액 | I1: 총 금액 | J1: 1일당 | K1: 기본 정보
B2: 1 | C2: 백출 | E2: 6 | F2: =E2*$L$15 -> 120 | G2: =VLOOKUP($C2,[1]약재관리!$A:$J,10,FALSE) -> 13 | H2: =G2*E2 -> 78 | I2: =G2*F2 -> 1560 | J2: =F2/$L$14 -> 8 | K2: UNIT | L2: 122
B3: 2 | C3: 인삼 | E3: 4 | F3: =E3*$L$15 -> 80 | G3: =VLOOKUP($C3,[1]약재관리!$A:$J,10,FALSE) -> 120 | H3: =G3*E3 -> 480 | I3: =G3*F3 -> 9600 | J3: =F3/$L$14 -> 5.3333333 | K3: 처방명 | L3: 건비이사탕
B4: 3 | C4: 진피1 | E4: 4 | F4: =E4*$L$15 -> 80 | G4: =VLOOKUP($C4,[1]약재관리!$A:$J,10,FALSE) -> 17.6 | H4: =G4*E4 -> 70.4 | I4: =G4*F4 -> 1408 | J4: =F4/$L$14 -> 5.3333333 | K4: 날짜 | L4: 46125
B5: 4 | C5: 반하 | E5: 4 | F5: =E5*$L$15 -> 80 | G5: =VLOOKUP($C5,[1]약재관리!$A:$J,10,FALSE) -> 41 | H5: =G5*E5 -> 164 | I5: =G5*F5 -> 3280 | J5: =F5/$L$14 -> 5.3333333 | K5: 이름 | L5: 한진규
B6: 5 | C6: 복령 | E6: 4 | F6: =E6*$L$15 -> 80 | G6: =VLOOKUP($C6,[1]약재관리!$A:$J,10,FALSE) -> 8.7 | H6: =G6*E6 -> 34.8 | I6: =G6*F6 -> 696 | J6: =F6/$L$14 -> 5.3333333 | K6: 나이 | L6: 64
B7: 6 | C7: 건지황 | E7: 4 | F7: =E7*$L$15 -> 80 | G7: =VLOOKUP($C7,[1]약재관리!$A:$J,10,FALSE) -> 18.3 | H7: =G7*E7 -> 73.2 | I7: =G7*F7 -> 1464 | J7: =F7/$L$14 -> 5.3333333 | K7: 성별 | L7: M
B8: 7 | C8: 당귀1 | E8: 4 | F8: =E8*$L$15 -> 80 | G8: =VLOOKUP($C8,[1]약재관리!$A:$J,10,FALSE) -> 31.7 | H8: =G8*E8 -> 126.8 | I8: =G8*F8 -> 2536 | J8: =F8/$L$14 -> 5.3333333 | K8: 메모
B9: 8 | C9: 천궁1 | E9: 4 | F9: =E9*$L$15 -> 80 | G9: =VLOOKUP($C9,[1]약재관리!$A:$J,10,FALSE) -> 10.8 | H9: =G9*E9 -> 43.2 | I9: =G9*F9 -> 864 | J9: =F9/$L$14 -> 5.3333333
B10: 9 | C10: 백작약 | E10: 4 | F10: =E10*$L$15 -> 80 | G10: =VLOOKUP($C10,[1]약재관리!$A:$J,10,FALSE) -> 19.6 | H10: =G10*E10 -> 78.4 | I10: =G10*F10 -> 1568 | J10: =F10/$L$14 -> 5.3333333
B11: 10 | C11: 맥문동 | E11: 4 | F11: =E11*$L$15 -> 80 | G11: =VLOOKUP($C11,[1]약재관리!$A:$J,10,FALSE) -> 39.2 | H11: =G11*E11 -> 156.8 | I11: =G11*F11 -> 3136 | J11: =F11/$L$14 -> 5.3333333
B12: 11 | C12: 천마 | E12: 4 | F12: =E12*$L$15 -> 80 | G12: =VLOOKUP($C12,[1]약재관리!$A:$J,10,FALSE) -> 52.8 | H12: =G12*E12 -> 211.2 | I12: =G12*F12 -> 4224 | J12: =F12/$L$14 -> 5.3333333
B13: 12 | C13: 방풍1 | E13: 4 | F13: =E13*$L$15 -> 80 | G13: =VLOOKUP($C13,[1]약재관리!$A:$J,10,FALSE) -> 11.7 | H13: =G13*E13 -> 46.8 | I13: =G13*F13 -> 936 | J13: =F13/$L$14 -> 5.3333333
B14: 13 | C14: 형개 | E14: 2 | F14: =E14*$L$15 -> 40 | G14: =VLOOKUP($C14,[1]약재관리!$A:$J,10,FALSE) -> 17.6 | H14: =G14*E14 -> 35.2 | I14: =G14*F14 -> 704 | J14: =F14/$L$14 -> 2.6666667 | K14: 총 일수 | L14: 15 | M14: 일분
B15: 14 | C15: 원지 | E15: 2 | F15: =E15*$L$15 -> 40 | G15: =VLOOKUP($C15,[1]약재관리!$A:$J,10,FALSE) -> 68 | H15: =G15*E15 -> 136 | I15: =G15*F15 -> 2720 | J15: =F15/$L$14 -> 2.6666667 | K15: 첩수 | L15: 20 | M15: 첩
B16: 15 | C16: 감초 | E16: 2 | F16: =E16*$L$15 -> 40 | G16: =VLOOKUP($C16,[1]약재관리!$A:$J,10,FALSE) -> 30 | H16: =G16*E16 -> 60 | I16: =G16*F16 -> 1200 | J16: =F16/$L$14 -> 2.6666667 | K16: 총 팩수 | L16: 30 | M16: 팩
B17: 16 | C17: 사인 | E17: 2 | F17: =E17*$L$15 -> 40 | G17: =VLOOKUP($C17,[1]약재관리!$A:$J,10,FALSE) -> 21.8 | H17: =G17*E17 -> 43.6 | I17: =G17*F17 -> 872 | J17: =F17/$L$14 -> 2.6666667 | K17: 팩당 물량 | L17: 110 | M17: cc
B18: 17 | C18: 건강 | E18: 2 | F18: =E18*$L$15 -> 40 | G18: =VLOOKUP($C18,[1]약재관리!$A:$J,10,FALSE) -> 9.5 | H18: =G18*E18 -> 19 | I18: =G18*F18 -> 380 | J18: =F18/$L$14 -> 2.6666667 | K18: 1첩당약재 | L18: =SUM(E2:E31) -> 66 | M18: g
B19: 18 | C19: 생강 | E19: 3 | F19: =E19*$L$15 -> 60 | G19: =VLOOKUP($C19,[1]약재관리!$A:$J,10,FALSE) -> 20 | H19: =G19*E19 -> 60 | I19: =G19*F19 -> 1200 | J19: =F19/$L$14 -> 4 | K19: 약재총량 | L19: =L15*L18 -> 1320 | M19: g
B20: 19 | C20: 대추 | E20: 3 | F20: =E20*$L$15 -> 60 | G20: =VLOOKUP($C20,[1]약재관리!$A:$J,10,FALSE) -> 21.2 | H20: =G20*E20 -> 63.6 | I20: =G20*F20 -> 1272 | J20: =F20/$L$14 -> 4 | K20: 총 물 양 | L20: =L16*L17+L19*1.3+400 -> 5416 | M20: cc
B21: 20 | F21: =E21*$L$15 -> 0 | H21: =G21*E21 -> 0 | I21: =G21*F21 -> 0
B22: 21 | F22: =E22*$L$15 -> 0 | H22: =G22*E22 -> 0 | I22: =G22*F22 -> 0 | K22: 참고치
B23: 22 | F23: =E23*$L$15 -> 0 | H23: =G23*E23 -> 0 | I23: =G23*F23 -> 0 | K23: cross chk | L23: =SUM(F2:F31) -> 1320 | M23: g
B24: 23 | F24: =E24*$L$15 -> 0 | H24: =G24*E24 -> 0 | I24: =G24*F24 -> 0 | K24: 20첩물양 | L24: 5000 | M24: cc
B25: 24 | F25: =E25*$L$15 -> 0 | H25: =G25*E25 -> 0 | I25: =G25*F25 -> 0 | K25: 1첩당 | L25: 80-120 | M25: g
B26: 25 | F26: =E26*$L$15 -> 0 | H26: =G26*E26 -> 0 | I26: =G26*F26 -> 0 | K26: 20첩당 | L26: 1600 | M26: g
B27: 26 | F27: =E27*$L$15 -> 0 | H27: =G27*E27 -> 0 | I27: =G27*F27 -> 0 | K27: 1돈 환산 | L27: 4 | M27: g
B28: 27 | F28: =E28*$L$15 -> 0 | H28: =G28*E28 -> 0 | I28: =G28*F28 -> 0
B29: 28 | F29: =E29*$L$15 -> 0 | H29: =G29*E29 -> 0 | I29: =G29*F29 -> 0 | K29: 금액
B30: 29 | F30: =E30*$L$15 -> 0 | H30: =G30*E30 -> 0 | I30: =G30*F30 -> 0 | K30: 1첩당 | L30: =SUM(H2:H31) -> 1981 | M30: 원
B31: 30 | F31: =E31*$L$15 -> 0 | H31: =G31*E31 -> 0 | I31: =G31*F31 -> 0 | K31: 총 | L31: =SUM(I2:I31) -> 39620 | M31: 원

Sheet 가미온중탕
B1: No. | C1: 약재명 | D1: 수치 | E1: 그램 | F1: 총용량 | G1: 1g 금액 | H1: 1첩 금액 | I1: 총 금액 | K1: 기본 정보
B2: 1 | C2: 백출 | E2: 8 | F2: =E2*$L$15 -> 160 | G2: =VLOOKUP($C2,약재관리!A:J,10,FALSE) -> 30.3 | H2: =G2*E2 -> 242.4 | I2: =G2*F2 -> 4848 | K2: UNIT | L2: 122
B3: 2 | C3: 건강 | E3: 6 | F3: =E3*$L$15 -> 120 | G3: =VLOOKUP($C3,약재관리!A:J,10,FALSE) -> 9.5 | H3: =G3*E3 -> 57 | I3: =G3*F3 -> 1140 | K3: 처방명 | L3: 가미온중탕
B4: 3 | C4: 후박 | E4: 6 | F4: =E4*$L$15 -> 120 | G4: =VLOOKUP($C4,약재관리!A:J,10,FALSE) -> 9 | H4: =G4*E4 -> 54 | I4: =G4*F4 -> 1080 | K4: 날짜 | L4: 45866
B5: 4 | C5: 산사 | E5: 4 | F5: =E5*$L$15 -> 80 | G5: =VLOOKUP($C5,약재관리!A:J,10,FALSE) -> 7 | H5: =G5*E5 -> 28 | I5: =G5*F5 -> 560 | K5: 이름 | L5: 한진규
B6: 5 | C6: 진피1 | E6: 4 | F6: =E6*$L$15 -> 80 | G6: =VLOOKUP($C6,약재관리!A:J,10,FALSE) -> 17.6 | H6: =G6*E6 -> 70.4 | I6: =G6*F6 -> 1408 | K6: 나이 | L6: 64
B7: 6 | C7: 복령 | E7: 4 | F7: =E7*$L$15 -> 80 | G7: =VLOOKUP($C7,약재관리!A:J,10,FALSE) -> 9.8 | H7: =G7*E7 -> 39.2 | I7: =G7*F7 -> 784 | K7: 성별 | L7: M
B8: 7 | C8: 초두구 | E8: 4 | F8: =E8*$L$15 -> 80 | G8: =VLOOKUP($C8,약재관리!A:J,10,FALSE) -> 11.7 | H8: =G8*E8 -> 46.8 | I8: =G8*F8 -> 936 | K8: 메모
B9: 8 | C9: 육계 | E9: 4 | F9: =E9*$L$15 -> 80 | G9: =VLOOKUP($C9,약재관리!A:J,10,FALSE) -> 14.8 | H9: =G9*E9 -> 59.2 | I9: =G9*F9 -> 1184 | K9: 청강의감 가미온중탕 + 신곡 빈랑 사인 곽향 인삼 산약 육두구 파고지
B10: 9 | C10: 목향 | E10: 3 | F10: =E10*$L$15 -> 60 | G10: =VLOOKUP($C10,약재관리!A:J,10,FALSE) -> 12.2 | H10: =G10*E10 -> 36.6 | I10: =G10*F10 -> 732
B11: 10 | C11: 감초 | E11: 3 | F11: =E11*$L$15 -> 60 | G11: =VLOOKUP($C11,약재관리!A:J,10,FALSE) -> 28.3 | H11: =G11*E11 -> 84.9 | I11: =G11*F11 -> 1698
B12: 11 | C12: 신곡 | E12: 4 | F12: =E12*$L$15 -> 80 | G12: =VLOOKUP($C12,약재관리!A:J,10,FALSE) -> 8 | H12: =G12*E12 -> 32 | I12: =G12*F12 -> 640
B13: 12 | C13: 빈랑 | E13: 4 | F13: =E13*$L$15 -> 80 | G13: =VLOOKUP($C13,약재관리!A:J,10,FALSE) -> 8.3 | H13: =G13*E13 -> 33.2 | I13: =G13*F13 -> 664
B14: 13 | C14: 사인 | E14: 3 | F14: =E14*$L$15 -> 60 | G14: =VLOOKUP($C14,약재관리!A:J,10,FALSE) -> 21.8 | H14: =G14*E14 -> 65.4 | I14: =G14*F14 -> 1308 | K14: 총 일수 | L14: 15 | M14: 일분
B15: 14 | C15: 곽향1 | E15: 4 | F15: =E15*$L$15 -> 80 | G15: =VLOOKUP($C15,약재관리!A:J,10,FALSE) -> 13.8 | H15: =G15*E15 -> 55.2 | I15: =G15*F15 -> 1104 | K15: 첩수 | L15: 20 | M15: 첩
B16: 15 | C16: 인삼 | E16: 1.7 | F16: =E16*$L$15 -> 34 | G16: =VLOOKUP($C16,약재관리!A:J,10,FALSE) -> 108.3 | H16: =G16*E16 -> 184.11 | I16: =G16*F16 -> 3682.2 | K16: 총 팩수 | L16: 45 | M16: 팩
B17: 16 | C17: 산약 | E17: 4 | F17: =E17*$L$15 -> 80 | G17: =VLOOKUP($C17,약재관리!A:J,10,FALSE) -> 18.3 | H17: =G17*E17 -> 73.2 | I17: =G17*F17 -> 1464 | K17: 팩당 물량 | L17: 110 | M17: cc
B18: 17 | C18: 육두구 | E18: 3 | F18: =E18*$L$15 -> 60 | G18: =VLOOKUP($C18,약재관리!A:J,10,FALSE) -> 29.2 | H18: =G18*E18 -> 87.6 | I18: =G18*F18 -> 1752 | K18: 1첩당약재 | L18: =SUM(E2:E31) -> 73.7 | M18: g
B19: 18 | C19: 파고지 | E19: 4 | F19: =E19*$L$15 -> 80 | G19: =VLOOKUP($C19,약재관리!A:J,10,FALSE) -> 9.2 | H19: =G19*E19 -> 36.8 | I19: =G19*F19 -> 736 | K19: 약재총량 | L19: =L15*L18 -> 1474 | M19: g
B20: 19 | F20: =E20*$L$15 -> 0 | H20: =G20*E20 -> 0 | I20: =G20*F20 -> 0 | K20: 총 물 양 | L20: =L16*L17+L19 -> 6424 | M20: cc
B21: 20 | F21: =E21*$L$15 -> 0 | H21: =G21*E21 -> 0 | I21: =G21*F21 -> 0
B22: 21 | F22: =E22*$L$15 -> 0 | H22: =G22*E22 -> 0 | I22: =G22*F22 -> 0 | K22: 참고치
B23: 22 | F23: =E23*$L$15 -> 0 | H23: =G23*E23 -> 0 | I23: =G23*F23 -> 0 | K23: cross chk | L23: =SUM(F2:F31) -> 1474 | M23: g
B24: 23 | F24: =E24*$L$15 -> 0 | H24: =G24*E24 -> 0 | I24: =G24*F24 -> 0 | K24: 20첩물양 | L24: 5000 | M24: cc
B25: 24 | F25: =E25*$L$15 -> 0 | H25: =G25*E25 -> 0 | I25: =G25*F25 -> 0 | K25: 1첩당 | L25: 80-120 | M25: g
B26: 25 | F26: =E26*$L$15 -> 0 | H26: =G26*E26 -> 0 | I26: =G26*F26 -> 0 | K26: 20첩당 | L26: 1600 | M26: g
B27: 26 | F27: =E27*$L$15 -> 0 | H27: =G27*E27 -> 0 | I27: =G27*F27 -> 0 | K27: 1돈 환산 | L27: 4 | M27: g
B28: 27 | F28: =E28*$L$15 -> 0 | H28: =G28*E28 -> 0 | I28: =G28*F28 -> 0
B29: 28 | F29: =E29*$L$15 -> 0 | H29: =G29*E29 -> 0 | I29: =G29*F29 -> 0 | K29: 금액
B30: 29 | F30: =E30*$L$15 -> 0 | H30: =G30*E30 -> 0 | I30: =G30*F30 -> 0 | K30: 1첩당 | L30: =SUM(H2:H31) -> 1286.01 | M30: 원
B31: 30 | F31: =E31*$L$15 -> 0 | H31: =G31*E31 -> 0 | I31: =G31*F31 -> 0 | K31: 총 | L31: =SUM(I2:I31) -> 25720.2 | M31: 원

Sheet 평진건비탕
B1: No. | C1: 약재명 | D1: 수치 | E1: 그램 | F1: 총용량 | G1: 1g 금액 | H1: 1첩 금액 | I1: 총 금액 | K1: 기본 정보
B2: 1 | C2: 산사 | E2: 6 | F2: =E2*$L$15 -> 120 | G2: =VLOOKUP($C2,약재관리!A:J,10,FALSE) -> 7 | H2: =G2*E2 -> 42 | I2: =G2*F2 -> 840 | K2: UNIT | L2: 122
B3: 2 | C3: 향부자 | E3: 4 | F3: =E3*$L$15 -> 80 | G3: =VLOOKUP($C3,약재관리!A:J,10,FALSE) -> 14.7 | H3: =G3*E3 -> 58.8 | I3: =G3*F3 -> 1176 | K3: 처방명 | L3: 평진건비탕
B4: 3 | C4: 반하 | E4: 4 | F4: =E4*$L$15 -> 80 | G4: =VLOOKUP($C4,약재관리!A:J,10,FALSE) -> 41 | H4: =G4*E4 -> 164 | I4: =G4*F4 -> 3280 | K4: 날짜 | L4: 45845
B5: 4 | C5: 진피1 | E5: 4 | F5: =E5*$L$15 -> 80 | G5: =VLOOKUP($C5,약재관리!A:J,10,FALSE) -> 17.6 | H5: =G5*E5 -> 70.4 | I5: =G5*F5 -> 1408 | K5: 이름 | L5: 한진규
B6: 5 | C6: 생강 | E6: 3 | F6: =E6*$L$15 -> 60 | G6: =VLOOKUP($C6,약재관리!A:J,10,FALSE) -> 15 | H6: =G6*E6 -> 45 | I6: =G6*F6 -> 900 | K6: 나이 | L6: 64
B7: 6 | C7: 후박 | E7: 3 | F7: =E7*$L$15 -> 60 | G7: =VLOOKUP($C7,약재관리!A:J,10,FALSE) -> 9 | H7: =G7*E7 -> 27 | I7: =G7*F7 -> 540 | K7: 성별 | L7: M
B8: 7 | C8: 맥아 | E8: 3 | F8: =E8*$L$15 -> 60 | G8: =VLOOKUP($C8,약재관리!A:J,10,FALSE) -> 7.5 | H8: =G8*E8 -> 22.5 | I8: =G8*F8 -> 450 | K8: 메모
B9: 8 | C9: 감초 | E9: 3 | F9: =E9*$L$15 -> 60 | G9: =VLOOKUP($C9,약재관리!A:J,10,FALSE) -> 28.3 | H9: =G9*E9 -> 84.9 | I9: =G9*F9 -> 1698
B10: 9 | C10: 곽향1 | E10: 3 | F10: =E10*$L$15 -> 60 | G10: =VLOOKUP($C10,약재관리!A:J,10,FALSE) -> 13.8 | H10: =G10*E10 -> 41.4 | I10: =G10*F10 -> 828
B11: 10 | C11: 지실 | E11: 3 | F11: =E11*$L$15 -> 60 | G11: =VLOOKUP($C11,약재관리!A:J,10,FALSE) -> 16.7 | H11: =G11*E11 -> 50.1 | I11: =G11*F11 -> 1002
B12: 11 | C12: 사인 | E12: 3 | F12: =E12*$L$15 -> 60 | G12: =VLOOKUP($C12,약재관리!A:J,10,FALSE) -> 21.8 | H12: =G12*E12 -> 65.4 | I12: =G12*F12 -> 1308
B13: 12 | C13: 천궁1 | E13: 3 | F13: =E13*$L$15 -> 60 | G13: =VLOOKUP($C13,약재관리!A:J,10,FALSE) -> 10.8 | H13: =G13*E13 -> 32.4 | I13: =G13*F13 -> 648
B14: 13 | C14: 백출 | E14: 3 | F14: =E14*$L$15 -> 60 | G14: =VLOOKUP($C14,약재관리!A:J,10,FALSE) -> 30.3 | H14: =G14*E14 -> 90.9 | I14: =G14*F14 -> 1818 | K14: 총 일수 | L14: 15 | M14: 일분
B15: 14 | C15: 창출1 | E15: 3 | F15: =E15*$L$15 -> 60 | G15: =VLOOKUP($C15,약재관리!A:J,10,FALSE) -> 22 | H15: =G15*E15 -> 66 | I15: =G15*F15 -> 1320 | K15: 첩수 | L15: 20 | M15: 첩
B16: 15 | C16: 신곡 | E16: 3 | F16: =E16*$L$15 -> 60 | G16: =VLOOKUP($C16,약재관리!A:J,10,FALSE) -> 8 | H16: =G16*E16 -> 24 | I16: =G16*F16 -> 480 | K16: 총 팩수 | L16: 45 | M16: 팩
B17: 16 | C17: 대추 | E17: 2 | F17: =E17*$L$15 -> 40 | G17: =VLOOKUP($C17,약재관리!A:J,10,FALSE) -> 20.8 | H17: =G17*E17 -> 41.6 | I17: =G17*F17 -> 832 | K17: 팩당 물량 | L17: 110 | M17: cc
B18: 17 | C18: 목향 | E18: 2 | F18: =E18*$L$15 -> 40 | G18: =VLOOKUP($C18,약재관리!A:J,10,FALSE) -> 12.2 | H18: =G18*E18 -> 24.4 | I18: =G18*F18 -> 488 | K18: 1첩당약재 | L18: =SUM(E2:E31) -> 63 | M18: g
B19: 18 | C19: 치자 | E19: 4 | F19: =E19*$L$15 -> 80 | G19: =VLOOKUP($C19,약재관리!A:J,10,FALSE) -> 26 | H19: =G19*E19 -> 104 | I19: =G19*F19 -> 2080 | K19: 약재총량 | L19: =L15*L18 -> 1260 | M19: g
B20: 19 | C20: 오매 | E20: 2 | F20: =E20*$L$15 -> 40 | G20: =VLOOKUP($C20,약재관리!A:J,10,FALSE) -> 11.7 | H20: =G20*E20 -> 23.4 | I20: =G20*F20 -> 468 | K20: 총 물 양 | L20: =L16*L17+L19 -> 6210 | M20: cc
B21: 20 | C21: 인삼 | E21: 2 | F21: =E21*$L$15 -> 40 | G21: =VLOOKUP($C21,약재관리!A:J,10,FALSE) -> 108.3 | H21: =G21*E21 -> 216.6 | I21: =G21*F21 -> 4332
B22: 21 | F22: =E22*$L$15 -> 0 | H22: =G22*E22 -> 0 | I22: =G22*F22 -> 0 | K22: 참고치
B23: 22 | F23: =E23*$L$15 -> 0 | H23: =G23*E23 -> 0 | I23: =G23*F23 -> 0 | K23: cross chk | L23: =SUM(F2:F31) -> 1260 | M23: g
B24: 23 | F24: =E24*$L$15 -> 0 | H24: =G24*E24 -> 0 | I24: =G24*F24 -> 0 | K24: 20첩물양 | L24: 5000 | M24: cc
B25: 24 | F25: =E25*$L$15 -> 0 | H25: =G25*E25 -> 0 | I25: =G25*F25 -> 0 | K25: 1첩당 | L25: 80-120 | M25: g
B26: 25 | F26: =E26*$L$15 -> 0 | H26: =G26*E26 -> 0 | I26: =G26*F26 -> 0 | K26: 20첩당 | L26: 1600 | M26: g
B27: 26 | F27: =E27*$L$15 -> 0 | H27: =G27*E27 -> 0 | I27: =G27*F27 -> 0 | K27: 1돈 환산 | L27: 4 | M27: g
B28: 27 | F28: =E28*$L$15 -> 0 | H28: =G28*E28 -> 0 | I28: =G28*F28 -> 0
B29: 28 | F29: =E29*$L$15 -> 0 | H29: =G29*E29 -> 0 | I29: =G29*F29 -> 0 | K29: 금액
B30: 29 | F30: =E30*$L$15 -> 0 | H30: =G30*E30 -> 0 | I30: =G30*F30 -> 0 | K30: 1첩당 | L30: =SUM(H2:H31) -> 1294.8 | M30: 원
B31: 30 | F31: =E31*$L$15 -> 0 | H31: =G31*E31 -> 0 | I31: =G31*F31 -> 0 | K31: 총 | L31: =SUM(I2:I31) -> 25896 | M31: 원

Sheet 약재관리
A1: 약재 이름 | B1: 옴니허브 | C1: 한퓨어 | D1: 신우한방 | E1: 바른한약 | F1: 옴니허브 | G1: 한퓨어 | H1: 신우한방 | I1: 바른한약 | J1: 최종 | K1: 옴니허브 | L1: 한퓨어 | M1: 신우한방 | N1: 바른한약
A2: 45766 | B2: 구입단가 | C2: 구입단가 | D2: 구입단가 | E2: 구입단가 | F2: 1g | G2: 1g | H2: 1g | I2: 1g | J2: 1g | K2: 500g | L2: 500g | M2: 600g | N2: 600g
A3: 갈근1 | B3: 9900 | C3: 9000 | D3: 11000 | E3: 9900 | F3: =B3/500 -> 19.8 | G3: =C3/500 -> 18 | H3: =D3/600 -> 18.333333 | I3: =E3/600 -> 16.5 | J3: 16.5 | L3: 선일국산 | M3: 토 | N3: 퓨어마인드국산
A4: 갈근2 | C4: 2700 | F4: =B4/500 -> 0 | G4: =C4/500 -> 5.4 | H4: =D4/600 -> 0 | I4: =E4/600 -> 0 | L4: 이풀잎중국
A5: 감국 | C5: 10000 | E5: 11700 | F5: =B5/500 -> 0 | G5: =C5/500 -> 20 | H5: =D5/600 -> 0 | I5: =E5/600 -> 19.5
A6: 감수 | C6: 23400 | E6: 27100 | F6: =B6/500 -> 0 | G6: =C6/600 -> 39 | H6: =D6/600 -> 0 | I6: =E6/600 -> 45.166667 | J6: 45.2 | L6: 600g씨케이중국 | N6: 씨케이중국
A7: 감초 | B7: 17500 | D7: 17000 | E7: 25500 | F7: =B7/500 -> 35 | G7: =C7/500 -> 0 | H7: =D7/600 -> 28.333333 | I7: =E7/600 -> 42.5 | J7: 28.3 | M7: 양외2 | N7: 양외1
A8: 강활1 | B8: 27200 | C8: 24000 | D8: 24000 | F8: =B8/500 -> 54.4 | G8: =C8/500 -> 48 | H8: =D8/600 -> 40 | I8: =E8/600 -> 0 | J8: 40 | L8: 선일국산 | M8: 토
A9: 강활2 | C9: 23000 | D9: 21000 | E9: 27400 | F9: =B9/500 -> 0 | G9: =C9/500 -> 46 | H9: =D9/600 -> 35 | I9: =E9/600 -> 45.666667 | J9: 45.7 | L9: 태극인국산 | N9: 선일국산
A10: 강황 | C10: 3300 | D10: 5000 | F10: =B10/500 -> 0 | G10: =C10/500 -> 6.6 | H10: =D10/600 -> 8.3333333 | I10: =E10/600 -> 0 | J10: 8.3 | M10: 인도
A11: 건강 | C11: 5200 | D11: 8000 | E11: 5900 | F11: =B11/500 -> 0 | G11: =C11/500 -> 10.4 | H11: =D11/600 -> 13.333333 | I11: =E11/600 -> 9.8333333 | J11: 9.5 | L11: 페루 | N11: 페루
A12: 건율 | C12: 13500 | D12: 16500 | E12: 16700 | F12: =B12/500 -> 0 | G12: =C12/500 -> 27 | H12: =D12/600 -> 27.5 | I12: =E12/600 -> 27.833333 | J12: 27.5 | M12: 토 | N12: (절, 토)
A13: 건지황 | B13: 19900 | C13: 5600 | D13: 11000 | E13: 8900 | F13: =B13/500 -> 39.8 | G13: =C13/500 -> 11.2 | H13: =D13/600 -> 18.333333 | I13: =E13/600 -> 14.833333 | J13: 14.4 | L13: 허브팜중국
A14: 검인 | F14: =B14/500 -> 0 | G14: =C14/500 -> 0 | H14: =D14/600 -> 0 | I14: =E14/600 -> 0
A15: 결명자 | F15: =B15/500 -> 0 | G15: =C15/500 -> 0 | H15: =D15/600 -> 0 | I15: =E15/600 -> 0
A16: 계지 | B16: 4500 | C16: 2000 | D16: 3500 | E16: 2900 | F16: =B16/500 -> 9 | G16: =C16/500 -> 4 | H16: =D16/600 -> 5.8333333 | I16: =E16/600 -> 4.8333333 | J16: 4.8 | L16: 씨케이베트남 | M16: 세 | N16: 엔탭베트남
A17: 고량강 | C17: 10200 | E17: 11100 | F17: =B17/500 -> 0 | G17: =C17/600 -> 17 | H17: =D17/600 -> 0 | I17: =E17/600 -> 18.5 | J17: 17 | L17: 600g 씨케이중국 | N17: 씨케이중국
A18: 고본 | C18: 32000 | E18: 41600 | F18: =B18/500 -> 0 | G18: =C18/500 -> 64 | H18: =D18/600 -> 0 | I18: =E18/600 -> 69.333333 | J18: 64 | L18: 선일국산 | N18: 퓨어마인드국산
A19: 고삼 | C19: 4500 | F19: =B19/500 -> 0 | G19: =C19/500 -> 9 | H19: =D19/600 -> 0 | I19: =E19/600 -> 0 | J19: 9 | L19: 한솔중국
A20: 골쇄보 | F20: =B20/500 -> 0 | G20: =C20/500 -> 0 | H20: =D20/600 -> 0 | I20: =E20/600 -> 0
A21: 과루인 | C21: 3500 | D21: 6500 | F21: =B21/500 -> 0 | G21: =C21/500 -> 7 | H21: =D21/600 -> 10.833333 | I21: =E21/600 -> 0 | J21: 10.8 | M21: (추)
A22: 곽향1 | B22: 6900 | C22: 5600 | E22: 6900 | F22: =B22/500 -> 13.8 | G22: =C22/500 -> 11.2 | H22: =D22/600 -> 0 | I22: =E22/600 -> 11.5 | J22: 13.8 | L22: 선일국산 | N22: 씨케이국산
A23: 곽향2 | B23: 4600 | C23: 3500 | E23: 4800 | F23: =B23/500 -> 9.2 | G23: =C23/500 -> 7 | H23: =D23/600 -> 0 | I23: =E23/600 -> 8 | J23: 7 | K23: 인도네시아 | L23: 올본인도네시아 | N23: 엔탭인도네시아
A24: 관동화 | C24: 46000 | D24: 73000 | E24: 75400 | F24: =B24/500 -> 0 | G24: =C24/300 -> 153.33333 | H24: =D24/600 -> 121.66667 | I24: =E24/600 -> 125.66667 | J24: 121.7 | L24: 300g | N24: 엔탭중국
A25: 괴화 | F25: =B25/500 -> 0 | G25: =C25/500 -> 0 | H25: =D25/600 -> 0 | I25: =E25/600 -> 0
A26: 교이 | F26: =B26/500 -> 0 | G26: =C26/500 -> 0 | H26: =D26/600 -> 0 | I26: =E26/600 -> 0 | J26: 5.3
A27: 구기자 | B27: 14900 | C27: 8700 | D27: 9000 | E27: 8200 | F27: =B27/500 -> 29.8 | G27: =C27/500 -> 17.4 | H27: =D27/600 -> 15 | I27: =E27/600 -> 13.666667 | J27: 13.7 | N27: 엔탭중국영하
A28: 구맥 | F28: =B28/500 -> 0 | G28: =C28/500 -> 0 | H28: =D28/600 -> 0 | I28: =E28/600 -> 0
A29: 구척 | F29: =B29/500 -> 0 | G29: =C29/500 -> 0 | H29: =D29/600 -> 0 | I29: =E29/600 -> 0
A30: 귀판 | C30: 20500 | D30: 19000 | F30: =B30/500 -> 0 | G30: =C30/600 -> 34.166667 | H30: =D30/600 -> 31.666667 | I30: =E30/600 -> 0 | J30: 31.7 | L30: 600g추말/자연세상인도네시아
A31: 금은화 | C31: 21500 | E31: 30800 | F31: =B31/500 -> 0 | G31: =C31/500 -> 43 | H31: =D31/600 -> 0 | I31: =E31/600 -> 51.333333 | J31: 43 | L31: 한솔중국 | N31: 엔탭중국
A32: 길경 | B32: 11500 | C32: 12900 | D32: 7500 | E32: 6900 | F32: =B32/500 -> 23 | G32: =C32/500 -> 25.8 | H32: =D32/600 -> 12.5 | I32: =E32/600 -> 11.5 | J32: 11.5 | K32: (중국4-5년) | L32: 선일국산 | M32: (편) | N32: 엔탭중국야생3년
A33: 나복자 | C33: 3000 | D33: 4000 | E33: 4000 | F33: =B33/500 -> 0 | G33: =C33/500 -> 6 | H33: =D33/600 -> 6.6666667 | I33: =E33/600 -> 6.6666667 | J33: 6 | L33: 올본인도/추말 | M33: 추
A34: 남성 | C34: 13000 | D34: 13000 | F34: =B34/500 -> 0 | G34: =C34/500 -> 26 | H34: =D34/500 -> 26 | I34: =E34/600 -> 0 | J34: 26 | L34: 생강백반제/신흥중국 | M34: 500g생강백반제/신흥중국
A35: 녹용 | C35: 278000 | F35: =B35/500 -> 0 | G35: =C35/600 -> 463.33333 | H35: =D35/600 -> 0 | I35: =E35/600 -> 0 | J35: 463.3 | L35: 600g
A36: 단삼 | C36: 6600 | E36: 8900 | F36: =B36/500 -> 0 | G36: =C36/500 -> 13.2 | H36: =D36/600 -> 0 | I36: =E36/600 -> 14.833333 | J36: 14.8 | L36: 허브팜중국 | N36: 엔탭중국
A37: 담두시 | D37: 8000 | F37: =B37/500 -> 0 | G37: =C37/500 -> 0 | H37: =D37/600 -> 13.333333 | I37: =E37/600 -> 0 | J37: 13.3
A38: 당귀1 | B38: 14900 | C38: 12700 | D38: 15000 | E38: 16300 | F38: =B38/500 -> 29.8 | G38: =C38/500 -> 25.4 | H38: =D38/600 -> 25 | I38: =E38/600 -> 27.166667 | J38: 27.2 | L38: 선일국산 | N38: 선일국산
A39: 당귀2 | C39: 12700 | E39: 13800 | F39: =B39/500 -> 0 | G39: =C39/500 -> 25.4 | H39: =D39/600 -> 0 | I39: =E39/600 -> 23 | J39: 23 | L39: 선일국산 | N39: 선일국산
A40: 당삼 | C40: 26000 | D40: 32000 | E40: 35500 | F40: =B40/500 -> 0 | G40: =C40/600 -> 43.333333 | H40: =D40/600 -> 53.333333 | I40: =E40/600 -> 59.166667 | J40: 43.3 | L40: 600g씨케이중국 | N40: 엔탭중국
A41: 대두황권 | C41: 13000 | E41: 15800 | F41: =B41/500 -> 0 | G41: =C41/500 -> 26 | H41: =D41/600 -> 0 | I41: =E41/600 -> 26.333333 | J41: 26 | L41: 씨케이중국 | N41: 씨케이중국
A42: 대복피 | D42: 4000 | E42: 3200 | F42: =B42/500 -> 0 | G42: =C42/500 -> 0 | H42: =D42/600 -> 6.6666667 | I42: =E42/600 -> 5.3333333 | J42: 5.3 | N42: 엔탭인도네시아
A43: 대추 | C43: 10300 | D43: 10000 | E43: 12500 | F43: =B43/500 -> 0 | G43: =C43/500 -> 20.6 | H43: =D43/600 -> 16.666667 | I43: =E43/600 -> 20.833333 | J43: 20.8 | L43: 선일국산/절 | M43: 토 | N43: 한도국산/절
A44: 대황 | C44: 4500 | D44: 9500 | E44: 7800 | F44: =B44/500 -> 0 | G44: =C44/500 -> 9 | H44: =D44/600 -> 15.833333 | I44: =E44/600 -> 13 | J44: 13 | M44: (종) | N44: 당고특금문/퓨어마인드
A45: 도인 | C45: 6200 | D45: 8000 | F45: =B45/500 -> 0 | G45: =C45/500 -> 12.4 | H45: =D45/600 -> 13.333333 | I45: =E45/600 -> 0 | J45: 13.3 | M45: (편)
A46: 독활 | C46: 15600 | D46: 19000 | E46: 18000 | F46: =B46/500 -> 0 | G46: =C46/500 -> 31.2 | H46: =D46/600 -> 31.666667 | I46: =E46/600 -> 30 | J46: 31.2 | L46: 선일국산 | M46: 토
A47: 동과자 | D47: 7000 | F47: =B47/500 -> 0 | G47: =C47/500 -> 0 | H47: =D47/600 -> 11.666667 | I47: =E47/600 -> 0 | J47: 11.7
A48: 두충 | C48: 5700 | D48: 9500 | E48: 6800 | F48: =B48/500 -> 0 | G48: =C48/500 -> 11.4 | H48: =D48/600 -> 15.833333 | I48: =E48/600 -> 11.333333 | J48: 11.3 | L48: 올본중국 | M48: 염자 | N48: 거피/엔탭중국
A49: 등심초 | C49: 6500 | D49: 7000 | E49: 6700 | F49: =B49/500 -> 0 | G49: =C49/100 -> 65 | H49: =D49/100 -> 70 | I49: =E49/100 -> 67 | J49: 65 | L49: 100g 올본중국 | M49: 100g | N49: 100g 엔탭중국
A50: 마자인 | C50: 4000 | E50: 5100 | F50: =B50/500 -> 0 | G50: =C50/500 -> 8 | H50: =D50/600 -> 0 | I50: =E50/600 -> 8.5 | J50: 8 | L50: 씨케이중국 | N50: 엔탭중국
A51: 마황 | C51: 4200 | D51: 7500 | E51: 5000 | F51: =B51/500 -> 0 | G51: =C51/500 -> 8.4 | H51: =D51/600 -> 12.5 | I51: =E51/600 -> 8.3333333 | J51: 8.5 | L51: 씨케이중국 | N51: 씨케이 중국
A52: 만형자 | C52: 13200 | E52: 15800 | F52: =B52/500 -> 0 | G52: =C52/500 -> 26.4 | H52: =D52/600 -> 0 | I52: =E52/600 -> 26.333333 | J52: 26.3 | L52: 허브팜인도네시아 | N52: 현진중국
A53: 망초 | C53: 3000 | D53: 4000 | F53: =B53/500 -> 0 | G53: =C53/600 -> 5 | H53: =D53/600 -> 6.6666667 | I53: =E53/600 -> 0 | J53: 5 | L53: 600g씨케이중국
A54: 맥문동 | C54: 19600 | D54: 39000 | E54: 23500 | F54: =B54/500 -> 0 | G54: =C54/500 -> 39.2 | H54: =D54/600 -> 65 | I54: =E54/600 -> 39.166667 | J54: 44.3 | L54: 선일국산(밀양) | M54: 토 | N54: 한동허브중국
A55: 맥아 | C55: 8000 | D55: 7500 | F55: =B55/500 -> 0 | G55: =C55/1000 -> 8 | H55: =D55/1000 -> 7.5 | I55: =E54/1000 -> 23.5 | J55: 7.5 | L55: 1kg신흥국산 | M55: 1kg신흥국산 | N55: 1kg신흥국산
A56: 모과 | C56: 4700 | D56: 7000 | E56: 5900 | F56: =B56/500 -> 0 | G56: =C56/500 -> 9.4 | H56: =D56/600 -> 11.666667 | I56: =E56/600 -> 9.8333333 | J56: 9.8
A57: 모려 | C57: 8000 | D57: 8000 | F57: =B57/500 -> 0 | G57: =C57/1000 -> 8 | H57: =D57/1000 -> 8 | I57: =E57/600 -> 0 | J57: 8 | L57: 1kg신흥국산
A58: 목단피 | B58: 18500 | C58: 14000 | D58: 19000 | E58: 20200 | F58: =B58/500 -> 37 | G58: =C58/500 -> 28 | H58: =D58/600 -> 31.666667 | I58: =E58/600 -> 33.666667 | J58: 28 | L58: 한솔중국 | N58: 엔탭중국
A59: 목통 | C59: 5400 | D59: 7000 | E59: 6400 | F59: =B59/500 -> 0 | G59: =C59/500 -> 10.8 | H59: =D59/600 -> 11.666667 | I59: =E59/600 -> 10.666667 | J59: 10.7 | M59: (특) | N59: 자담국산
A60: 목향 | C60: 6000 | D60: 8500 | E60: 7300 | F60: =B60/500 -> 0 | G60: =C60/600 -> 10 | H60: =D60/600 -> 14.166667 | I60: =E60/600 -> 12.166667 | J60: 12.2 | L60: 600g | M60: (특) | N60: 엔탭중국
A61: 몰약 | E61: 10500 | F61: =B61/500 -> 0 | G61: =C61/500 -> 0 | H61: =D61/600 -> 0 | I61: =E61/600 -> 17.5 | J61: 17.5 | N61: 엔탭중국
A62: 박하 | C62: 8500 | E62: 10800 | F62: =B62/500 -> 0 | G62: =C62/500 -> 17 | H62: =D62/600 -> 0 | I62: =E62/600 -> 18 | J62: 21.8 | L62: 선일국산 | N62: 국산
A63: 반하 | C63: 20500 | D63: 26500 | E63: 20500 | F63: =B63/500 -> 0 | G63: =C63/500 -> 41 | H63: =D63/500 -> 53 | I63: =E63/500 -> 41 | J63: 41 | L63: 법/신흥중국 | M63: 500g (신흥,법) | N63: 500g (신흥,법)
A64: 방기1 | E64: 42100 | F64: =B64/500 -> 0 | G64: =C64/500 -> 0 | H64: =D64/600 -> 0 | I64: =E64/600 -> 70.166667 | J64: 70.2 | N64: 보국약품, 중국
A65: 방기2 | C65: 3000 | E65: 3500 | F65: =B65/500 -> 0 | G65: =C65/500 -> 6 | H65: =D65/600 -> 0 | I65: =E65/600 -> 5.8333333 | J65: 5.8 | L65: 씨케이중국 | N65: 씨케이중국
A66: 방기3 | F66: =B66/500 -> 0 | G66: =C66/500 -> 0 | H66: =D66/600 -> 0 | I66: =E66/600 -> 0
A67: 방풍1 | C67: 5900 | E67: 7000 | F67: =B67/500 -> 0 | G67: =C67/500 -> 11.8 | H67: =D67/600 -> 0 | I67: =E67/600 -> 11.666667 | J67: 13.2 | N67: 엔탭중국
A68: 방풍2 | C68: 11300 | D68: 14000 | F68: =B68/500 -> 0 | G68: =C68/500 -> 22.6 | H68: =D68/600 -> 23.333333 | I68: =E68/600 -> 0 | J68: 22.6 | L68: 선일국산
A69: 백강잠 | C69: 14000 | F69: =B69/500 -> 0 | G69: =C69/500 -> 28 | H69: =D69/600 -> 0 | I69: =E69/600 -> 0 | J69: 28 | L69: 허브팜중국
A70: 백개자 | C70: 3600 | E70: 3800 | F70: =B70/500 -> 0 | G70: =C70/500 -> 7.2 | H70: =D70/600 -> 0 | I70: =E70/600 -> 6.3333333 | J70: 6.3 | L70: 올본중국
A71: 백두구 | C71: 10500 | E71: 12600 | F71: =B71/500 -> 0 | G71: =C71/500 -> 21 | H71: =D71/600 -> 0 | I71: =E71/600 -> 21 | J71: 21 | L71: 올본인도네시아/추말 | N71: 중국/유피추말
A72: 백부근 | C72: 10700 | D72: 15000 | F72: =B72/500 -> 0 | G72: =C72/500 -> 21.4 | H72: =D72/600 -> 25 | I72: =E72/600 -> 0 | J72: 23.3
A73: 백부자 | F73: =B73/500 -> 0 | G73: =C73/500 -> 0 | H73: =D73/600 -> 0 | I73: =E73/600 -> 0
A74: 백자인 | C74: 21500 | D74: 32000 | E74: 30600 | F74: =B74/500 -> 0 | G74: =C74/500 -> 43 | H74: =D74/600 -> 53.333333 | I74: =E74/600 -> 51 | J74: 43 | L74: 푸른무약중국
A75: 백작약 | B75: 9800 | C75: 9000 | D75: 15000 | E75: 9200 | F75: =B75/500 -> 19.6 | G75: =C75/500 -> 18 | H75: =D75/600 -> 25 | I75: =E75/600 -> 15.333333 | J75: 19.6 | K75: 4년근이상 | L75: 선일국산/유피 | N75: 퓨어마인드국산
A76: 백지 | B76: 16900 | C76: 13200 | D76: 16500 | E76: 16300 | F76: =B76/500 -> 33.8 | G76: =C76/500 -> 26.4 | H76: =D76/600 -> 27.5 | I76: =E76/600 -> 27.166667 | J76: 26.4 | L76: 선일국산 | M76: 토 | N76: 선일국산
A77: 백질려 | F77: =B77/500 -> 0 | G77: =C77/500 -> 0 | H77: =D77/600 -> 0 | I77: =E77/600 -> 0
A78: 백출 | C78: 14000 | E78: 18200 | F78: =B78/500 -> 0 | G78: =C78/500 -> 28 | H78: =D78/600 -> 0 | I78: =E78/600 -> 30.333333 | J78: 30.3 | N78: 엔탭중국
A79: 백편두 | C79: 6300 | F79: =B79/500 -> 0 | G79: =C79/600 -> 10.5 | H79: =D79/600 -> 0 | I79: =E79/600 -> 0 | J79: 10.5 | L79: 600g씨케이미얀마/초추말
A80: 백하수오 | C80: 23000 | E80: 29900 | F80: =B80/500 -> 0 | G80: =C80/500 -> 46 | H80: =D80/600 -> 0 | I80: =E80/600 -> 49.833333 | J80: 49.8 | L80: 선일국산 | N80: 은조롱/광명당제약국산
A81: 별갑 | C81: 20500 | E81: 16600 | F81: =B81/500 -> 0 | G81: =C81/600 -> 34.166667 | H81: =D81/600 -> 0 | I81: =E81/600 -> 27.666667 | L81: 600g자연세상인도네시아 | N81: 인도
A82: 복령 | B82: 9900 | C82: 4400 | D82: 7000 | E82: 5800 | F82: =B82/500 -> 19.8 | G82: =C82/500 -> 8.8 | H82: =D82/600 -> 11.666667 | I82: =E82/600 -> 9.6666667 | J82: 9.8 | K82: 대별산 | N82: 엔탭중국
A83: 복분자 | C83: 5200 | F83: =B83/500 -> 0 | G83: =C83/500 -> 10.4 | H83: =D83/600 -> 0 | I83: =E83/600 -> 0 | J83: 10.4 | L83: 바른중국
A84: 복신 | D84: 16000 | F84: =B84/500 -> 0 | G84: =C84/500 -> 0 | H84: =D84/600 -> 26.666667 | I84: =E84/600 -> 0
A85: 봉출 | C85: 4500 | D85: 6500 | E85: 5900 | F85: =B85/500 -> 0 | G85: =C85/500 -> 9 | H85: =D85/600 -> 10.833333 | I85: =E85/600 -> 9.8333333 | J85: 10.8 | L85: 씨케이중국 | N85: 허브팜중국
A86: 부소맥 | E86: 6200 | I86: =E86/600 -> 10.333333 | J86: 10.3
A87: 부자 | D87: 11000 | E87: 11900 | F87: =B87/500 -> 0 | G87: =C87/500 -> 0 | H87: =D87/600 -> 18.333333 | I87: =E87/600 -> 19.833333 | J87: 18.3 | M87: 경포 | N87: 중국
A88: 빈랑 | C88: 4200 | D88: 7000 | E88: 5000 | F88: =B88/500 -> 0 | G88: =C88/500 -> 8.4 | H88: =D88/600 -> 11.666667 | I88: =E88/600 -> 8.3333333 | J88: 8.3 | N88: 엔탭인도네시아
A89: 사삼 | C89: 10500 | D89: 16500 | E89: 12600 | F89: =B89/500 -> 0 | G89: =C89/500 -> 21 | H89: =D89/600 -> 27.5 | I89: =E89/600 -> 21 | J89: 27.2 | N89: 엔탭중국
A90: 사인 | C90: 13200 | D90: 15000 | E90: 13100 | F90: =B90/500 -> 0 | G90: =C90/500 -> 26.4 | H90: =D90/600 -> 25 | I90: =E90/600 -> 21.833333 | J90: 21.8 | L90: 초추 | M90: 초추 | N90: 엔탭미얀마/추말
A91: 산사 | C91: 3500 | D91: 4500 | E91: 5000 | F91: =B91/500 -> 0 | G91: =C91/500 -> 7 | H91: =D91/600 -> 7.5 | I91: =E91/600 -> 8.3333333 | J91: 7 | L91: 올본중국 | N91: 엔탭중국
A92: 산수유 | C92: 12500 | D92: 24000 | E92: 15600 | F92: =B92/500 -> 0 | G92: =C92/500 -> 25 | H92: =D92/600 -> 40 | I92: =E92/600 -> 26 | J92: 27.7 | L92: 선일국산(구례) | M92: (토) | N92: 국산(구례)
A93: 산약 | C93: 10400 | D93: 11000 | E93: 24600 | F93: =B93/500 -> 0 | G93: =C93/500 -> 20.8 | H93: =D93/600 -> 18.333333 | I93: =E93/600 -> 41 | J93: 18.3 | L93: 태극인국산/유피 | M93: 거피 | N93: 선일국산/거피
A94: 산조인 | C94: 125800 | E94: 169000 | F94: =B94/500 -> 0 | G94: =C94/500 -> 251.6 | H94: =D94/600 -> 0 | I94: =E94/600 -> 281.66667 | L94: 휴먼중국/원/초 | N94: 엔탭중국/원/초
A95: 삼릉 | C95: 3800 | D95: 5500 | E95: 4900 | F95: =B95/500 -> 0 | G95: =C95/500 -> 7.6 | H95: =D95/600 -> 9.1666667 | I95: =E95/600 -> 8.1666667 | J95: 9.2 | L95: 허브팜중국 | N95: 엔탭중국
A96: 상기생 | F96: =B96/500 -> 0 | G96: =C96/500 -> 0 | H96: =D96/600 -> 0 | I96: =E96/600 -> 0
A97: 상백피 | C97: 17500 | E97: 20100 | F97: =B97/500 -> 0 | G97: =C97/500 -> 35 | H97: =D97/600 -> 0 | I97: =E97/600 -> 33.5 | J97: 35 | L97: 선일국산 | N97: 선일국산
A98: 상표초 | F98: =B98/500 -> 0 | G98: =C98/500 -> 0 | H98: =D98/600 -> 0 | I98: =E98/600 -> 0
A99: 생강 | B99: 7500 | C99: 7000 | D99: 9000 | F99: =B99/500 -> 15 | G99: =C99/500 -> 14 | H99: =D99/600 -> 15 | I99: =E99/600 -> 0 | J99: 15 | L99: 국산 | M99: 국산
A100: 생지황 | B100: 10300 | C100: 7500 | D100: 9000 | F100: =B100/500 -> 20.6 | G100: =C100/500 -> 15 | H100: =D100/600 -> 15 | I100: =E100/600 -> 0 | J100: 17.4 | L100: 국산
...
