Workbook

Sheet 소건중탕+진피 (2)
B1: No. | F1: 총용량 | G1: 1g 금액 | H1: 1첩 금액 | I1: 총 금액 | K1: 기본 정보
B2: 1 | C2: 교이 | E2: 32 | F2: =E2*$L$15 -> 640 | G2: =VLOOKUP($C2,[1]약재관리!$A:$J,10,FALSE) -> 5.3 | H2: =G2*E2 -> 169.6 | I2: =G2*F2 -> 3392 | K2: UNIT | L2: 142
B3: 2 | C3: 백작약 | E3: 12 | F3: =E3*$L$15 -> 240 | G3: =VLOOKUP($C3,[1]약재관리!$A:$J,10,FALSE) -> 19.6 | H3: =G3*E3 -> 235.2 | I3: =G3*F3 -> 4704 | K3: 처방명 | L3: 소건중탕
B4: 3 | C4: 대추 | E4: 8 | F4: =E4*$L$15 -> 160 | G4: =VLOOKUP($C4,[1]약재관리!$A:$J,10,FALSE) -> 20.8 | H4: =G4*E4 -> 166.4 | I4: =G4*F4 -> 3328 | K4: 날짜 | L4: 45952
B5: 4 | C5: 육계 | E5: 6 | F5: =E5*$L$15 -> 120 | G5: =VLOOKUP($C5,[1]약재관리!$A:$J,10,FALSE) -> 14.8 | H5: =G5*E5 -> 88.8 | I5: =G5*F5 -> 1776 | K5: 이름 | L5: 신현택
B6: 5 | C6: 생강 | E6: 6 | F6: =E6*$L$15 -> 120 | G6: =VLOOKUP($C6,[1]약재관리!$A:$J,10,FALSE) -> 15 | H6: =G6*E6 -> 90 | I6: =G6*F6 -> 1800 | K6: 나이 | L6: 63
B7: 6 | C7: 감초 | E7: 6 | F7: =E7*$L$15 -> 120 | G7: =VLOOKUP($C7,[1]약재관리!$A:$J,10,FALSE) -> 28.3 | H7: =G7*E7 -> 169.8 | I7: =G7*F7 -> 3396 | K7: 성별 | L7: M
B8: 7 | C8: 진피2 | E8: 8 | F8: =E8*$L$15 -> 160 | G8: =VLOOKUP($C8,[1]약재관리!$A:$J,10,FALSE) -> 45 | H8: =G8*E8 -> 360 | I8: =G8*F8 -> 7200 | K8: 메모
B9: 8 | C9: 삼릉 | E9: 2 | F9: =E9*$L$15 -> 40 | G9: =VLOOKUP($C9,[1]약재관리!$A:$J,10,FALSE) -> 9.2 | H9: =G9*E9 -> 18.4 | I9: =G9*F9 -> 368 | K9: 소건중탕 + 산물진피 삼릉 봉출
B10: 9 | C10: 봉출 | E10: 2 | F10: =E10*$L$15 -> 40 | G10: =VLOOKUP($C10,[1]약재관리!$A:$J,10,FALSE) -> 10.8 | H10: =G10*E10 -> 21.6 | I10: =G10*F10 -> 432
B11: 10 | F11: =E11*$L$15 -> 0 | H11: =G11*E11 -> 0 | I11: =G11*F11 -> 0
B12: 11 | F12: =E12*$L$15 -> 0 | H12: =G12*E12 -> 0 | I12: =G12*F12 -> 0
B13: 12 | F13: =E13*$L$15 -> 0 | H13: =G13*E13 -> 0 | I13: =G13*F13 -> 0
B14: 13 | F14: =E14*$L$15 -> 0 | H14: =G14*E14 -> 0 | I14: =G14*F14 -> 0 | K14: 총 일수 | L14: 15 | M14: 일분
B15: 14 | F15: =E15*$L$15 -> 0 | H15: =G15*E15 -> 0 | I15: =G15*F15 -> 0 | K15: 첩수 | L15: 20 | M15: 첩
B16: 15 | F16: =E16*$L$15 -> 0 | H16: =G16*E16 -> 0 | I16: =G16*F16 -> 0 | K16: 총 팩수 | L16: 30 | M16: 팩
B17: 16 | F17: =E17*$L$15 -> 0 | H17: =G17*E17 -> 0 | I17: =G17*F17 -> 0 | K17: 팩당 물량 | L17: 90 | M17: cc
B18: 17 | F18: =E18*$L$15 -> 0 | H18: =G18*E18 -> 0 | I18: =G18*F18 -> 0 | K18: 1첩당약재 | L18: =SUM(E2:E31) -> 82 | M18: g
B19: 18 | F19: =E19*$L$15 -> 0 | H19: =G19*E19 -> 0 | I19: =G19*F19 -> 0 | K19: 약재총량 | L19: =L15*L18 -> 1640 | M19: g
B20: 19 | F20: =E20*$L$15 -> 0 | H20: =G20*E20 -> 0 | I20: =G20*F20 -> 0 | K20: 총 물 양 | L20: =L16*L17+L19 -> 4340 | M20: cc
B21: 20 | F21: =E21*$L$15 -> 0 | H21: =G21*E21 -> 0 | I21: =G21*F21 -> 0
B22: 21 | F22: =E22*$L$15 -> 0 | H22: =G22*E22 -> 0 | I22: =G22*F22 -> 0 | K22: 참고치
B23: 22 | F23: =E23*$L$15 -> 0 | H23: =G23*E23 -> 0 | I23: =G23*F23 -> 0 | K23: cross chk | L23: =SUM(F2:F31) -> 1640 | M23: g
B24: 23 | F24: =E24*$L$15 -> 0 | H24: =G24*E24 -> 0 | I24: =G24*F24 -> 0 | K24: 20첩물양 | L24: 5000 | M24: cc
B25: 24 | F25: =E25*$L$15 -> 0 | H25: =G25*E25 -> 0 | I25: =G25*F25 -> 0 | K25: 1첩당 | L25: 80-120 | M25: g
B26: 25 | F26: =E26*$L$15 -> 0 | H26: =G26*E26 -> 0 | I26: =G26*F26 -> 0 | K26: 20첩당 | L26: 1600 | M26: g
B27: 26 | F27: =E27*$L$15 -> 0 | H27: =G27*E27 -> 0 | I27: =G27*F27 -> 0 | K27: 1돈 환산 | L27: 4 | M27: g
B28: 27 | F28: =E28*$L$15 -> 0 | H28: =G28*E28 -> 0 | I28: =G28*F28 -> 0
B29: 28 | F29: =E29*$L$15 -> 0 | H29: =G29*E29 -> 0 | I29: =G29*F29 -> 0 | K29: 금액
B30: 29 | F30: =E30*$L$15 -> 0 | H30: =G30*E30 -> 0 | I30: =G30*F30 -> 0 | K30: 1첩당 | L30: =SUM(H2:H31) -> 1319.8 | M30: 원
B31: 30 | F31: =E31*$L$15 -> 0 | H31: =G31*E31 -> 0 | I31: =G31*F31 -> 0 | K31: 총 | L31: =SUM(I2:I31) -> 26396 | M31: 원

Sheet 귤피죽여탕
B1: No. | F1: 총용량 | G1: 1g 금액 | H1: 1첩 금액 | I1: 총 금액 | K1: 기본 정보
B2: 1 | C2: 대추 | E2: 20 | F2: =E2*$L$15 -> 400 | G2: =VLOOKUP($C2,[1]약재관리!$A:$J,10,FALSE) -> 20.8 | H2: =G2*E2 -> 416 | I2: =G2*F2 -> 8320 | K2: UNIT | L2: 142
B3: 2 | C3: 진피2 | E3: 16 | F3: =E3*$L$15 -> 320 | G3: =VLOOKUP($C3,[1]약재관리!$A:$J,10,FALSE) -> 45 | H3: =G3*E3 -> 720 | I3: =G3*F3 -> 14400 | K3: 처방명 | L3: 귤피죽여탕
B4: 3 | C4: 생강 | E4: 16 | F4: =E4*$L$15 -> 320 | G4: =VLOOKUP($C4,[1]약재관리!$A:$J,10,FALSE) -> 15 | H4: =G4*E4 -> 240 | I4: =G4*F4 -> 4800 | K4: 날짜 | L4: 45930
B5: 4 | C5: 감초 | E5: 10 | F5: =E5*$L$15 -> 200 | G5: =VLOOKUP($C5,[1]약재관리!$A:$J,10,FALSE) -> 28.3 | H5: =G5*E5 -> 283 | I5: =G5*F5 -> 5660 | K5: 이름 | L5: 신현택
B6: 5 | C6: 죽여1 | E6: 8 | F6: =E6*$L$15 -> 160 | G6: =VLOOKUP($C6,[1]약재관리!$A:$J,10,FALSE) -> 15.4 | H6: =G6*E6 -> 123.2 | I6: =G6*F6 -> 2464 | K6: 나이 | L6: 63
B7: 6 | C7: 인삼 | E7: 4 | F7: =E7*$L$15 -> 80 | G7: =VLOOKUP($C7,[1]약재관리!$A:$J,10,FALSE) -> 108.3 | H7: =G7*E7 -> 433.2 | I7: =G7*F7 -> 8664 | K7: 성별 | L7: M
B8: 7 | C8: 백출 | E8: 4 | F8: =E8*$L$15 -> 80 | G8: =VLOOKUP($C8,[1]약재관리!$A:$J,10,FALSE) -> 30.3 | H8: =G8*E8 -> 121.2 | I8: =G8*F8 -> 2424 | K8: 메모
B9: 8 | C9: 신곡 | E9: 3 | F9: =E9*$L$15 -> 60 | G9: =VLOOKUP($C9,[1]약재관리!$A:$J,10,FALSE) -> 8 | H9: =G9*E9 -> 24 | I9: =G9*F9 -> 480 | K9: 귤피죽여탕 + 백출 신곡
B10: 9 | F10: =E10*$L$15 -> 0 | H10: =G10*E10 -> 0 | I10: =G10*F10 -> 0
B11: 10 | F11: =E11*$L$15 -> 0 | H11: =G11*E11 -> 0 | I11: =G11*F11 -> 0
B12: 11 | F12: =E12*$L$15 -> 0 | H12: =G12*E12 -> 0 | I12: =G12*F12 -> 0
B13: 12 | F13: =E13*$L$15 -> 0 | H13: =G13*E13 -> 0 | I13: =G13*F13 -> 0
B14: 13 | F14: =E14*$L$15 -> 0 | H14: =G14*E14 -> 0 | I14: =G14*F14 -> 0 | K14: 총 일수 | L14: 15 | M14: 일분
B15: 14 | F15: =E15*$L$15 -> 0 | H15: =G15*E15 -> 0 | I15: =G15*F15 -> 0 | K15: 첩수 | L15: 20 | M15: 첩
B16: 15 | F16: =E16*$L$15 -> 0 | H16: =G16*E16 -> 0 | I16: =G16*F16 -> 0 | K16: 총 팩수 | L16: 30 | M16: 팩
B17: 16 | F17: =E17*$L$15 -> 0 | H17: =G17*E17 -> 0 | I17: =G17*F17 -> 0 | K17: 팩당 물량 | L17: 110 | M17: cc
B18: 17 | F18: =E18*$L$15 -> 0 | H18: =G18*E18 -> 0 | I18: =G18*F18 -> 0 | K18: 1첩당약재 | L18: =SUM(E2:E31) -> 81 | M18: g
B19: 18 | F19: =E19*$L$15 -> 0 | H19: =G19*E19 -> 0 | I19: =G19*F19 -> 0 | K19: 약재총량 | L19: =L15*L18 -> 1620 | M19: g
B20: 19 | F20: =E20*$L$15 -> 0 | H20: =G20*E20 -> 0 | I20: =G20*F20 -> 0 | K20: 총 물 양 | L20: =L16*L17+L19 -> 4920 | M20: cc
B21: 20 | F21: =E21*$L$15 -> 0 | H21: =G21*E21 -> 0 | I21: =G21*F21 -> 0
B22: 21 | F22: =E22*$L$15 -> 0 | H22: =G22*E22 -> 0 | I22: =G22*F22 -> 0 | K22: 참고치
B23: 22 | F23: =E23*$L$15 -> 0 | H23: =G23*E23 -> 0 | I23: =G23*F23 -> 0 | K23: cross chk | L23: =SUM(F2:F31) -> 1620 | M23: g
B24: 23 | F24: =E24*$L$15 -> 0 | H24: =G24*E24 -> 0 | I24: =G24*F24 -> 0 | K24: 20첩물양 | L24: 5000 | M24: cc
B25: 24 | F25: =E25*$L$15 -> 0 | H25: =G25*E25 -> 0 | I25: =G25*F25 -> 0 | K25: 1첩당 | L25: 80-120 | M25: g
B26: 25 | F26: =E26*$L$15 -> 0 | H26: =G26*E26 -> 0 | I26: =G26*F26 -> 0 | K26: 20첩당 | L26: 1600 | M26: g
B27: 26 | F27: =E27*$L$15 -> 0 | H27: =G27*E27 -> 0 | I27: =G27*F27 -> 0 | K27: 1돈 환산 | L27: 4 | M27: g
B28: 27 | F28: =E28*$L$15 -> 0 | H28: =G28*E28 -> 0 | I28: =G28*F28 -> 0
B29: 28 | F29: =E29*$L$15 -> 0 | H29: =G29*E29 -> 0 | I29: =G29*F29 -> 0 | K29: 금액
B30: 29 | F30: =E30*$L$15 -> 0 | H30: =G30*E30 -> 0 | I30: =G30*F30 -> 0 | K30: 1첩당 | L30: =SUM(H2:H31) -> 2360.6 | M30: 원
B31: 30 | F31: =E31*$L$15 -> 0 | H31: =G31*E31 -> 0 | I31: =G31*F31 -> 0 | K31: 총 | L31: =SUM(I2:I31) -> 47212 | M31: 원

Sheet 소건중탕
B1: No. | F1: 총용량 | G1: 1g 금액 | H1: 1첩 금액 | I1: 총 금액 | K1: 기본 정보
B2: 1 | C2: 교이 | E2: 32 | F2: =E2*$L$15 -> 640 | G2: =VLOOKUP($C2,[1]약재관리!$A:$J,10,FALSE) -> 5.3 | H2: =G2*E2 -> 169.6 | I2: =G2*F2 -> 3392 | K2: UNIT | L2: 142
B3: 2 | C3: 백작약 | E3: 12 | F3: =E3*$L$15 -> 240 | G3: =VLOOKUP($C3,[1]약재관리!$A:$J,10,FALSE) -> 19.6 | H3: =G3*E3 -> 235.2 | I3: =G3*F3 -> 4704 | K3: 처방명 | L3: 소건중탕
B4: 3 | C4: 대추 | E4: 8 | F4: =E4*$L$15 -> 160 | G4: =VLOOKUP($C4,[1]약재관리!$A:$J,10,FALSE) -> 20.8 | H4: =G4*E4 -> 166.4 | I4: =G4*F4 -> 3328 | K4: 날짜 | L4: 45915
B5: 4 | C5: 육계 | E5: 6 | F5: =E5*$L$15 -> 120 | G5: =VLOOKUP($C5,[1]약재관리!$A:$J,10,FALSE) -> 14.8 | H5: =G5*E5 -> 88.8 | I5: =G5*F5 -> 1776 | K5: 이름 | L5: 신현택
B6: 5 | C6: 생강 | E6: 6 | F6: =E6*$L$15 -> 120 | G6: =VLOOKUP($C6,[1]약재관리!$A:$J,10,FALSE) -> 15 | H6: =G6*E6 -> 90 | I6: =G6*F6 -> 1800 | K6: 나이 | L6: 63
B7: 6 | C7: 감초 | E7: 6 | F7: =E7*$L$15 -> 120 | G7: =VLOOKUP($C7,[1]약재관리!$A:$J,10,FALSE) -> 28.3 | H7: =G7*E7 -> 169.8 | I7: =G7*F7 -> 3396 | K7: 성별 | L7: M
B8: 7 | F8: =E8*$L$15 -> 0 | H8: =G8*E8 -> 0 | I8: =G8*F8 -> 0 | K8: 메모
B9: 8 | F9: =E9*$L$15 -> 0 | H9: =G9*E9 -> 0 | I9: =G9*F9 -> 0 | K9: 소건중탕
B10: 9 | F10: =E10*$L$15 -> 0 | H10: =G10*E10 -> 0 | I10: =G10*F10 -> 0
B11: 10 | F11: =E11*$L$15 -> 0 | H11: =G11*E11 -> 0 | I11: =G11*F11 -> 0
B12: 11 | F12: =E12*$L$15 -> 0 | H12: =G12*E12 -> 0 | I12: =G12*F12 -> 0
B13: 12 | F13: =E13*$L$15 -> 0 | H13: =G13*E13 -> 0 | I13: =G13*F13 -> 0
B14: 13 | F14: =E14*$L$15 -> 0 | H14: =G14*E14 -> 0 | I14: =G14*F14 -> 0 | K14: 총 일수 | L14: 10 | M14: 일분
B15: 14 | F15: =E15*$L$15 -> 0 | H15: =G15*E15 -> 0 | I15: =G15*F15 -> 0 | K15: 첩수 | L15: 20 | M15: 첩
B16: 15 | F16: =E16*$L$15 -> 0 | H16: =G16*E16 -> 0 | I16: =G16*F16 -> 0 | K16: 총 팩수 | L16: 30 | M16: 팩
B17: 16 | F17: =E17*$L$15 -> 0 | H17: =G17*E17 -> 0 | I17: =G17*F17 -> 0 | K17: 팩당 물량 | L17: 90 | M17: cc
B18: 17 | F18: =E18*$L$15 -> 0 | H18: =G18*E18 -> 0 | I18: =G18*F18 -> 0 | K18: 1첩당약재 | L18: =SUM(E2:E31) -> 70 | M18: g
B19: 18 | F19: =E19*$L$15 -> 0 | H19: =G19*E19 -> 0 | I19: =G19*F19 -> 0 | K19: 약재총량 | L19: =L15*L18 -> 1400 | M19: g
B20: 19 | F20: =E20*$L$15 -> 0 | H20: =G20*E20 -> 0 | I20: =G20*F20 -> 0 | K20: 총 물 양 | L20: =L16*L17+L19 -> 4100 | M20: cc
B21: 20 | F21: =E21*$L$15 -> 0 | H21: =G21*E21 -> 0 | I21: =G21*F21 -> 0
B22: 21 | F22: =E22*$L$15 -> 0 | H22: =G22*E22 -> 0 | I22: =G22*F22 -> 0 | K22: 참고치
B23: 22 | F23: =E23*$L$15 -> 0 | H23: =G23*E23 -> 0 | I23: =G23*F23 -> 0 | K23: cross chk | L23: =SUM(F2:F31) -> 1400 | M23: g
B24: 23 | F24: =E24*$L$15 -> 0 | H24: =G24*E24 -> 0 | I24: =G24*F24 -> 0 | K24: 20첩물양 | L24: 5000 | M24: cc
B25: 24 | F25: =E25*$L$15 -> 0 | H25: =G25*E25 -> 0 | I25: =G25*F25 -> 0 | K25: 1첩당 | L25: 80-120 | M25: g
B26: 25 | F26: =E26*$L$15 -> 0 | H26: =G26*E26 -> 0 | I26: =G26*F26 -> 0 | K26: 20첩당 | L26: 1600 | M26: g
B27: 26 | F27: =E27*$L$15 -> 0 | H27: =G27*E27 -> 0 | I27: =G27*F27 -> 0 | K27: 1돈 환산 | L27: 4 | M27: g
B28: 27 | F28: =E28*$L$15 -> 0 | H28: =G28*E28 -> 0 | I28: =G28*F28 -> 0
B29: 28 | F29: =E29*$L$15 -> 0 | H29: =G29*E29 -> 0 | I29: =G29*F29 -> 0 | K29: 금액
B30: 29 | F30: =E30*$L$15 -> 0 | H30: =G30*E30 -> 0 | I30: =G30*F30 -> 0 | K30: 1첩당 | L30: =SUM(H2:H31) -> 919.8 | M30: 원
B31: 30 | F31: =E31*$L$15 -> 0 | H31: =G31*E31 -> 0 | I31: =G31*F31 -> 0 | K31: 총 | L31: =SUM(I2:I31) -> 18396 | M31: 원

Sheet 소건중탕+진피
B1: No. | F1: 총용량 | G1: 1g 금액 | H1: 1첩 금액 | I1: 총 금액 | K1: 기본 정보
B2: 1 | C2: 교이 | E2: 32 | F2: =E2*$L$15 -> 480 | G2: =VLOOKUP($C2,[1]약재관리!$A:$J,10,FALSE) -> 5.3 | H2: =G2*E2 -> 169.6 | I2: =G2*F2 -> 2544 | K2: UNIT | L2: 142
B3: 2 | C3: 백작약 | E3: 12 | F3: =E3*$L$15 -> 180 | G3: =VLOOKUP($C3,[1]약재관리!$A:$J,10,FALSE) -> 19.6 | H3: =G3*E3 -> 235.2 | I3: =G3*F3 -> 3528 | K3: 처방명 | L3: 소건중탕
B4: 3 | C4: 대추 | E4: 8 | F4: =E4*$L$15 -> 120 | G4: =VLOOKUP($C4,[1]약재관리!$A:$J,10,FALSE) -> 20.8 | H4: =G4*E4 -> 166.4 | I4: =G4*F4 -> 2496 | K4: 날짜 | L4: 45905
B5: 4 | C5: 육계 | E5: 6 | F5: =E5*$L$15 -> 90 | G5: =VLOOKUP($C5,[1]약재관리!$A:$J,10,FALSE) -> 14.8 | H5: =G5*E5 -> 88.8 | I5: =G5*F5 -> 1332 | K5: 이름 | L5: 신현택
B6: 5 | C6: 생강 | E6: 6 | F6: =E6*$L$15 -> 90 | G6: =VLOOKUP($C6,[1]약재관리!$A:$J,10,FALSE) -> 15 | H6: =G6*E6 -> 90 | I6: =G6*F6 -> 1350 | K6: 나이 | L6: 63
B7: 6 | C7: 감초 | E7: 6 | F7: =E7*$L$15 -> 90 | G7: =VLOOKUP($C7,[1]약재관리!$A:$J,10,FALSE) -> 28.3 | H7: =G7*E7 -> 169.8 | I7: =G7*F7 -> 2547 | K7: 성별 | L7: M
B8: 7 | C8: 진피2 | E8: 8 | F8: =E8*$L$15 -> 120 | G8: =VLOOKUP($C8,[1]약재관리!$A:$J,10,FALSE) -> 45 | H8: =G8*E8 -> 360 | I8: =G8*F8 -> 5400 | K8: 메모
B9: 8 | F9: =E9*$L$15 -> 0 | H9: =G9*E9 -> 0 | I9: =G9*F9 -> 0 | K9: 소건중탕 + 산물진피
B10: 9 | F10: =E10*$L$15 -> 0 | H10: =G10*E10 -> 0 | I10: =G10*F10 -> 0
B11: 10 | F11: =E11*$L$15 -> 0 | H11: =G11*E11 -> 0 | I11: =G11*F11 -> 0
B12: 11 | F12: =E12*$L$15 -> 0 | H12: =G12*E12 -> 0 | I12: =G12*F12 -> 0
B13: 12 | F13: =E13*$L$15 -> 0 | H13: =G13*E13 -> 0 | I13: =G13*F13 -> 0
B14: 13 | F14: =E14*$L$15 -> 0 | H14: =G14*E14 -> 0 | I14: =G14*F14 -> 0 | K14: 총 일수 | L14: 10 | M14: 일분
B15: 14 | F15: =E15*$L$15 -> 0 | H15: =G15*E15 -> 0 | I15: =G15*F15 -> 0 | K15: 첩수 | L15: 15 | M15: 첩
B16: 15 | F16: =E16*$L$15 -> 0 | H16: =G16*E16 -> 0 | I16: =G16*F16 -> 0 | K16: 총 팩수 | L16: 30 | M16: 팩
B17: 16 | F17: =E17*$L$15 -> 0 | H17: =G17*E17 -> 0 | I17: =G17*F17 -> 0 | K17: 팩당 물량 | L17: 90 | M17: cc
B18: 17 | F18: =E18*$L$15 -> 0 | H18: =G18*E18 -> 0 | I18: =G18*F18 -> 0 | K18: 1첩당약재 | L18: =SUM(E2:E31) -> 78 | M18: g
B19: 18 | F19: =E19*$L$15 -> 0 | H19: =G19*E19 -> 0 | I19: =G19*F19 -> 0 | K19: 약재총량 | L19: =L15*L18 -> 1170 | M19: g
B20: 19 | F20: =E20*$L$15 -> 0 | H20: =G20*E20 -> 0 | I20: =G20*F20 -> 0 | K20: 총 물 양 | L20: =L16*L17+L19 -> 3870 | M20: cc
B21: 20 | F21: =E21*$L$15 -> 0 | H21: =G21*E21 -> 0 | I21: =G21*F21 -> 0
B22: 21 | F22: =E22*$L$15 -> 0 | H22: =G22*E22 -> 0 | I22: =G22*F22 -> 0 | K22: 참고치
B23: 22 | F23: =E23*$L$15 -> 0 | H23: =G23*E23 -> 0 | I23: =G23*F23 -> 0 | K23: cross chk | L23: =SUM(F2:F31) -> 1170 | M23: g
B24: 23 | F24: =E24*$L$15 -> 0 | H24: =G24*E24 -> 0 | I24: =G24*F24 -> 0 | K24: 20첩물양 | L24: 5000 | M24: cc
B25: 24 | F25: =E25*$L$15 -> 0 | H25: =G25*E25 -> 0 | I25: =G25*F25 -> 0 | K25: 1첩당 | L25: 80-120 | M25: g
B26: 25 | F26: =E26*$L$15 -> 0 | H26: =G26*E26 -> 0 | I26: =G26*F26 -> 0 | K26: 20첩당 | L26: 1600 | M26: g
B27: 26 | F27: =E27*$L$15 -> 0 | H27: =G27*E27 -> 0 | I27: =G27*F27 -> 0 | K27: 1돈 환산 | L27: 4 | M27: g
B28: 27 | F28: =E28*$L$15 -> 0 | H28: =G28*E28 -> 0 | I28: =G28*F28 -> 0
B29: 28 | F29: =E29*$L$15 -> 0 | H29: =G29*E29 -> 0 | I29: =G29*F29 -> 0 | K29: 금액
B30: 29 | F30: =E30*$L$15 -> 0 | H30: =G30*E30 -> 0 | I30: =G30*F30 -> 0 | K30: 1첩당 | L30: =SUM(H2:H31) -> 1279.8 | M30: 원
B31: 30 | F31: =E31*$L$15 -> 0 | H31: =G31*E31 -> 0 | I31: =G31*F31 -> 0 | K31: 총 | L31: =SUM(I2:I31) -> 19197 | M31: 원
