Workbook

Sheet 처방전양식 (2)
B1: No. | F1: 총용량 | G1: 1g 금액 | H1: 1첩 금액 | I1: 총 금액 | K1: 기본 정보
B2: 1 | C2: 숙지황 | E2: 8 | F2: =E2*$L$15 -> 160 | G2: =VLOOKUP($C2,[1]약재관리!$A:$J,10,FALSE) -> 20 | H2: =G2*E2 -> 160 | I2: =G2*F2 -> 3200 | K2: UNIT | L2: 147
B3: 2 | C3: 산수유 | E3: 8 | F3: =E3*$L$15 -> 160 | G3: =VLOOKUP($C3,[1]약재관리!$A:$J,10,FALSE) -> 27.7 | H3: =G3*E3 -> 221.6 | I3: =G3*F3 -> 4432 | K3: 처방명 | L3: 형방지황탕가감
B4: 3 | C4: 복령 | E4: 6 | F4: =E4*$L$15 -> 120 | G4: =VLOOKUP($C4,[1]약재관리!$A:$J,10,FALSE) -> 9 | H4: =G4*E4 -> 54 | I4: =G4*F4 -> 1080 | K4: 날짜 | L4: 45922
B5: 4 | C5: 택사1 | E5: 6 | F5: =E5*$L$15 -> 120 | G5: =VLOOKUP($C5,[1]약재관리!$A:$J,10,FALSE) -> 23.7 | H5: =G5*E5 -> 142.2 | I5: =G5*F5 -> 2844 | K5: 이름 | L5: 김재윤
B6: 5 | C6: 차전자 | E6: 4 | F6: =E6*$L$15 -> 80 | G6: =VLOOKUP($C6,[1]약재관리!$A:$J,10,FALSE) -> 23.3 | H6: =G6*E6 -> 93.2 | I6: =G6*F6 -> 1864 | K6: 나이 | L6: 78
B7: 6 | C7: 강활1 | E7: 4 | F7: =E7*$L$15 -> 80 | G7: =VLOOKUP($C7,[1]약재관리!$A:$J,10,FALSE) -> 40 | H7: =G7*E7 -> 160 | I7: =G7*F7 -> 3200 | K7: 성별 | L7: F
B8: 7 | C8: 독활 | E8: 4 | F8: =E8*$L$15 -> 80 | G8: =VLOOKUP($C8,[1]약재관리!$A:$J,10,FALSE) -> 31.2 | H8: =G8*E8 -> 124.8 | I8: =G8*F8 -> 2496 | K8: 메모
B9: 8 | C9: 형개 | E9: 4 | F9: =E9*$L$15 -> 80 | G9: =VLOOKUP($C9,[1]약재관리!$A:$J,10,FALSE) -> 17.6 | H9: =G9*E9 -> 70.4 | I9: =G9*F9 -> 1408 | K9: 형방지황탕 + 두충 속단 파고지 구기자 사인 진피 맥문동 녹용
B10: 9 | C10: 방풍1 | E10: 4 | F10: =E10*$L$15 -> 80 | G10: =VLOOKUP($C10,[1]약재관리!$A:$J,10,FALSE) -> 13.2 | H10: =G10*E10 -> 52.8 | I10: =G10*F10 -> 1056
B11: 10 | C11: 목단피 | E11: 4 | F11: =E11*$L$15 -> 80 | G11: =VLOOKUP($C11,[1]약재관리!$A:$J,10,FALSE) -> 28 | H11: =G11*E11 -> 112 | I11: =G11*F11 -> 2240
B12: 11 | C12: 두충 | E12: 4 | F12: =E12*$L$15 -> 80 | G12: =VLOOKUP($C12,[1]약재관리!$A:$J,10,FALSE) -> 21.4 | H12: =G12*E12 -> 85.6 | I12: =G12*F12 -> 1712
B13: 12 | C13: 파고지 | E13: 4 | F13: =E13*$L$15 -> 80 | G13: =VLOOKUP($C13,[1]약재관리!$A:$J,10,FALSE) -> 9.2 | H13: =G13*E13 -> 36.8 | I13: =G13*F13 -> 736
B14: 13 | C14: 구기자 | E14: 4 | F14: =E14*$L$15 -> 80 | G14: =VLOOKUP($C14,[1]약재관리!$A:$J,10,FALSE) -> 13.7 | H14: =G14*E14 -> 54.8 | I14: =G14*F14 -> 1096 | K14: 총 일수 | L14: 15 | M14: 일분
B15: 14 | C15: 속단 | E15: 4 | F15: =E15*$L$15 -> 80 | G15: =VLOOKUP($C15,[1]약재관리!$A:$J,10,FALSE) -> 11.7 | H15: =G15*E15 -> 46.8 | I15: =G15*F15 -> 936 | K15: 첩수 | L15: 20 | M15: 첩
B16: 15 | C16: 사인 | E16: 4 | F16: =E16*$L$15 -> 80 | G16: =VLOOKUP($C16,[1]약재관리!$A:$J,10,FALSE) -> 21.8 | H16: =G16*E16 -> 87.2 | I16: =G16*F16 -> 1744 | K16: 총 팩수 | L16: 45 | M16: 팩
B17: 16 | C17: 진피1 | E17: 4 | F17: =E17*$L$15 -> 80 | G17: =VLOOKUP($C17,[1]약재관리!$A:$J,10,FALSE) -> 17.6 | H17: =G17*E17 -> 70.4 | I17: =G17*F17 -> 1408 | K17: 팩당 물량 | L17: 90 | M17: cc
B18: 17 | C18: 맥문동 | E18: 4 | F18: =E18*$L$15 -> 80 | G18: =VLOOKUP($C18,[1]약재관리!$A:$J,10,FALSE) -> 44.3 | H18: =G18*E18 -> 177.2 | I18: =G18*F18 -> 3544 | K18: 1첩당약재 | L18: =SUM(E2:E31) -> 82 | M18: g
B19: 18 | C19: 녹용 | E19: 2 | F19: =E19*$L$15 -> 40 | G19: =VLOOKUP($C19,[1]약재관리!$A:$J,10,FALSE) -> 463.3 | H19: =G19*E19 -> 926.6 | I19: =G19*F19 -> 18532 | K19: 약재총량 | L19: =L15*L18 -> 1640 | M19: g
B20: 19 | F20: =E20*$L$15 -> 0 | H20: =G20*E20 -> 0 | I20: =G20*F20 -> 0 | K20: 총 물 양 | L20: =L16*L17+L19 -> 5690 | M20: cc
B21: 20 | F21: =E21*$L$15 -> 0 | H21: =G21*E21 -> 0 | I21: =G21*F21 -> 0
B22: 21 | F22: =E22*$L$15 -> 0 | H22: =G22*E22 -> 0 | I22: =G22*F22 -> 0 | K22: 참고치
B23: 22 | F23: =E23*$L$15 -> 0 | H23: =G23*E23 -> 0 | I23: =G23*F23 -> 0 | K23: cross chk | L23: =SUM(F2:F31) -> 1640 | M23: g
B24: 23 | F24: =E24*$L$15 -> 0 | H24: =G24*E24 -> 0 | I24: =G24*F24 -> 0 | K24: 20첩물양 | L24: 5000 | M24: cc
B25: 24 | F25: =E25*$L$15 -> 0 | H25: =G25*E25 -> 0 | I25: =G25*F25 -> 0 | K25: 1첩당 | L25: 80-120 | M25: g
B26: 25 | F26: =E26*$L$15 -> 0 | H26: =G26*E26 -> 0 | I26: =G26*F26 -> 0 | K26: 20첩당 | L26: 1600 | M26: g
B27: 26 | F27: =E27*$L$15 -> 0 | H27: =G27*E27 -> 0 | I27: =G27*F27 -> 0 | K27: 1돈 환산 | L27: 4 | M27: g
B28: 27 | F28: =E28*$L$15 -> 0 | H28: =G28*E28 -> 0 | I28: =G28*F28 -> 0
B29: 28 | F29: =E29*$L$15 -> 0 | H29: =G29*E29 -> 0 | I29: =G29*F29 -> 0 | K29: 금액
B30: 29 | F30: =E30*$L$15 -> 0 | H30: =G30*E30 -> 0 | I30: =G30*F30 -> 0 | K30: 1첩당 | L30: =SUM(H2:H31) -> 2676.4 | M30: 원
B31: 30 | F31: =E31*$L$15 -> 0 | H31: =G31*E31 -> 0 | I31: =G31*F31 -> 0 | K31: 총 | L31: =SUM(I2:I31) -> 53528 | M31: 원

Sheet 처방전양식
B1: No. | F1: 총용량 | G1: 1g 금액 | H1: 1첩 금액 | I1: 총 금액 | K1: 기본 정보
B2: 1 | C2: 원육 | E2: 8 | F2: =E2*$L$15 -> 160 | G2: =VLOOKUP($C2,[1]약재관리!$A:$J,10,FALSE) -> 20.5 | H2: =G2*E2 -> 164 | I2: =G2*F2 -> 3280 | K2: UNIT | L2: 146
B3: 2 | C3: 산약 | E3: 6 | F3: =E3*$L$15 -> 120 | G3: =VLOOKUP($C3,[1]약재관리!$A:$J,10,FALSE) -> 18.3 | H3: =G3*E3 -> 109.8 | I3: =G3*F3 -> 2196 | K3: 처방명 | L3: 청상보하탕
B4: 3 | C4: 산수유 | E4: 6 | F4: =E4*$L$15 -> 120 | G4: =VLOOKUP($C4,[1]약재관리!$A:$J,10,FALSE) -> 27.7 | H4: =G4*E4 -> 166.2 | I4: =G4*F4 -> 3324 | K4: 날짜 | L4: 24.05.03
B5: 4 | C5: 복령 | E5: 4 | F5: =E5*$L$15 -> 80 | G5: =VLOOKUP($C5,[1]약재관리!$A:$J,10,FALSE) -> 9 | H5: =G5*E5 -> 36 | I5: =G5*F5 -> 720 | K5: 이름 | L5: 김정자
B6: 5 | C6: 목단피 | E6: 4 | F6: =E6*$L$15 -> 80 | G6: =VLOOKUP($C6,[1]약재관리!$A:$J,10,FALSE) -> 28 | H6: =G6*E6 -> 112 | I6: =G6*F6 -> 2240 | K6: 나이 | L6: 59
B7: 6 | C7: 택사1 | E7: 4 | F7: =E7*$L$15 -> 80 | G7: =VLOOKUP($C7,[1]약재관리!$A:$J,10,FALSE) -> 23.7 | H7: =G7*E7 -> 94.8 | I7: =G7*F7 -> 1896 | K7: 성별 | L7: F
B8: 7 | C8: 오미자 | E8: 4 | F8: =E8*$L$15 -> 80 | G8: =VLOOKUP($C8,[1]약재관리!$A:$J,10,FALSE) -> 23.5 | H8: =G8*E8 -> 94 | I8: =G8*F8 -> 1880 | K8: 메모
B9: 8 | C9: 지실 | E9: 4 | F9: =E9*$L$15 -> 80 | G9: =VLOOKUP($C9,[1]약재관리!$A:$J,10,FALSE) -> 16.7 | H9: =G9*E9 -> 66.8 | I9: =G9*F9 -> 1336 | K9: 청상보하탕 + 백부근 자완 진피 소자
B10: 9 | C10: 맥문동 | E10: 4 | F10: =E10*$L$15 -> 80 | G10: =VLOOKUP($C10,[1]약재관리!$A:$J,10,FALSE) -> 44.3 | H10: =G10*E10 -> 177.2 | I10: =G10*F10 -> 3544
B11: 10 | C11: 천문동 | E11: 4 | F11: =E11*$L$15 -> 80 | G11: =VLOOKUP($C11,[1]약재관리!$A:$J,10,FALSE) -> 29.8 | H11: =G11*E11 -> 119.2 | I11: =G11*F11 -> 2384
B12: 11 | C12: 패모 | E12: 4 | F12: =E12*$L$15 -> 80 | G12: =VLOOKUP($C12,[1]약재관리!$A:$J,10,FALSE) -> 32 | H12: =G12*E12 -> 128 | I12: =G12*F12 -> 2560
B13: 12 | C13: 길경 | E13: 4 | F13: =E13*$L$15 -> 80 | G13: =VLOOKUP($C13,[1]약재관리!$A:$J,10,FALSE) -> 11.5 | H13: =G13*E13 -> 46 | I13: =G13*F13 -> 920
B14: 13 | C14: 행인 | E14: 4 | F14: =E14*$L$15 -> 80 | G14: =VLOOKUP($C14,[1]약재관리!$A:$J,10,FALSE) -> 12 | H14: =G14*E14 -> 48 | I14: =G14*F14 -> 960 | K14: 총 일수 | L14: 15 | M14: 일분
B15: 14 | C15: 황금 | E15: 4 | F15: =E15*$L$15 -> 80 | G15: =VLOOKUP($C15,[1]약재관리!$A:$J,10,FALSE) -> 22.5 | H15: =G15*E15 -> 90 | I15: =G15*F15 -> 1800 | K15: 첩수 | L15: 20 | M15: 첩
B16: 15 | C16: 반하 | E16: 4 | F16: =E16*$L$15 -> 80 | G16: =VLOOKUP($C16,[1]약재관리!$A:$J,10,FALSE) -> 41 | H16: =G16*E16 -> 164 | I16: =G16*F16 -> 3280 | K16: 총 팩수 | L16: 45 | M16: 팩
B17: 16 | C17: 감초 | E17: 2 | F17: =E17*$L$15 -> 40 | G17: =VLOOKUP($C17,[1]약재관리!$A:$J,10,FALSE) -> 28.3 | H17: =G17*E17 -> 56.6 | I17: =G17*F17 -> 1132 | K17: 팩당 물량 | L17: 90 | M17: cc
B18: 17 | C18: 백부근 | E18: 3 | F18: =E18*$L$15 -> 60 | G18: =VLOOKUP($C18,[1]약재관리!$A:$J,10,FALSE) -> 23.3 | H18: =G18*E18 -> 69.9 | I18: =G18*F18 -> 1398 | K18: 1첩당약재 | L18: =SUM(E2:E31) -> 88 | M18: g
B19: 18 | C19: 자완 | E19: 3 | F19: =E19*$L$15 -> 60 | G19: =VLOOKUP($C19,[1]약재관리!$A:$J,10,FALSE) -> 38 | H19: =G19*E19 -> 114 | I19: =G19*F19 -> 2280 | K19: 약재총량 | L19: =L15*L18 -> 1760 | M19: g
B20: 19 | C20: 진피1 | E20: 3 | F20: =E20*$L$15 -> 60 | G20: =VLOOKUP($C20,[1]약재관리!$A:$J,10,FALSE) -> 17.6 | H20: =G20*E20 -> 52.8 | I20: =G20*F20 -> 1056 | K20: 총 물 양 | L20: =L16*L17+L19 -> 5810 | M20: cc
B21: 20 | C21: 소자 | E21: 3 | F21: =E21*$L$15 -> 60 | G21: =VLOOKUP($C21,[1]약재관리!$A:$J,10,FALSE) -> 7.5 | H21: =G21*E21 -> 22.5 | I21: =G21*F21 -> 450
B22: 21 | C22: 황련 | E22: 2 | F22: =E22*$L$15 -> 40 | G22: =VLOOKUP($C22,[1]약재관리!$A:$J,10,FALSE) -> 136.8 | H22: =G22*E22 -> 273.6 | I22: =G22*F22 -> 5472 | K22: 참고치
B23: 22 | C23: 과루인 | E23: 2 | F23: =E23*$L$15 -> 40 | G23: =VLOOKUP($C23,[1]약재관리!$A:$J,10,FALSE) -> 10.8 | H23: =G23*E23 -> 21.6 | I23: =G23*F23 -> 432 | K23: cross chk | L23: =SUM(F2:F31) -> 1760 | M23: g
B24: 23 | C24: 녹용 | E24: 2 | F24: =E24*$L$15 -> 40 | G24: =VLOOKUP($C24,[1]약재관리!$A:$J,10,FALSE) -> 463.3 | H24: =G24*E24 -> 926.6 | I24: =G24*F24 -> 18532 | K24: 20첩물양 | L24: 5000 | M24: cc
B25: 24 | F25: =E25*$L$15 -> 0 | H25: =G25*E25 -> 0 | I25: =G25*F25 -> 0 | K25: 1첩당 | L25: 80-120 | M25: g
B26: 25 | F26: =E26*$L$15 -> 0 | H26: =G26*E26 -> 0 | I26: =G26*F26 -> 0 | K26: 20첩당 | L26: 1600 | M26: g
B27: 26 | F27: =E27*$L$15 -> 0 | H27: =G27*E27 -> 0 | I27: =G27*F27 -> 0 | K27: 1돈 환산 | L27: 4 | M27: g
B28: 27 | F28: =E28*$L$15 -> 0 | H28: =G28*E28 -> 0 | I28: =G28*F28 -> 0
B29: 28 | F29: =E29*$L$15 -> 0 | H29: =G29*E29 -> 0 | I29: =G29*F29 -> 0 | K29: 금액
B30: 29 | F30: =E30*$L$15 -> 0 | H30: =G30*E30 -> 0 | I30: =G30*F30 -> 0 | K30: 1첩당 | L30: =SUM(H2:H31) -> 3153.6 | M30: 원
B31: 30 | F31: =E31*$L$15 -> 0 | H31: =G31*E31 -> 0 | I31: =G31*F31 -> 0 | K31: 총 | L31: =SUM(I2:I31) -> 63072 | M31: 원

Sheet 약재관리
A1: 약재 이름 | B1: 옴니허브 | C1: 한퓨어 | D1: 신우한방 | E1: 바른한약 | F1: 옴니허브 | G1: 한퓨어 | H1: 신우한방 | I1: 바른한약 | J1: 최종 | K1: 옴니허브 | L1: 한퓨어 | M1: 신우한방 | N1: 바른한약
A2: 45902 | B2: 구입단가 | C2: 구입단가 | D2: 구입단가 | E2: 구입단가 | F2: 1g | G2: 1g | H2: 1g | I2: 1g | J2: 1g | K2: 500g | L2: 500g | M2: 600g | N2: 600g
A3: 갈근 | B3: 9900 | C3: 9000 | D3: 11000 | E3: 9900 | F3: =B3/500 -> 19.8 | G3: =C3/500 -> 18 | H3: =D3/600 -> 18.333333 | I3: =E3/600 -> 16.5 | J3: 16.5 | L3: 선일국산 | M3: 토 | N3: 퓨어마인드국산
A4: 감국 | C4: 10000 | E4: 11700 | F4: =B4/500 -> 0 | G4: =C4/500 -> 20 | H4: =D4/600 -> 0 | I4: =E4/600 -> 19.5
A5: 감수 | C5: 23400 | E5: 27100 | F5: =B5/500 -> 0 | G5: =C5/600 -> 39 | H5: =D5/600 -> 0 | I5: =E5/600 -> 45.166667 | J5: 45.2 | L5: 600g씨케이중국 | N5: 씨케이중국
A6: 감초 | B6: 17500 | D6: 17000 | E6: 25500 | F6: =B6/500 -> 35 | G6: =C6/500 -> 0 | H6: =D6/600 -> 28.333333 | I6: =E6/600 -> 42.5 | J6: 28.3 | M6: 양외2 | N6: 양외1
A7: 강활1 | B7: 27200 | C7: 24000 | D7: 24000 | F7: =B7/500 -> 54.4 | G7: =C7/500 -> 48 | H7: =D7/600 -> 40 | I7: =E7/600 -> 0 | J7: 40 | L7: 선일국산 | M7: 토
A8: 강활2 | C8: 23000 | D8: 21000 | E8: 27400 | F8: =B8/500 -> 0 | G8: =C8/500 -> 46 | H8: =D8/600 -> 35 | I8: =E8/600 -> 45.666667 | J8: 45.7 | L8: 태극인국산 | N8: 선일국산
A9: 강황 | C9: 3300 | D9: 5000 | F9: =B9/500 -> 0 | G9: =C9/500 -> 6.6 | H9: =D9/600 -> 8.3333333 | I9: =E9/600 -> 0 | J9: 8.3 | M9: 인도
A10: 건강 | C10: 5200 | D10: 8000 | E10: 5900 | F10: =B10/500 -> 0 | G10: =C10/500 -> 10.4 | H10: =D10/600 -> 13.333333 | I10: =E10/600 -> 9.8333333 | J10: 9.5 | L10: 페루 | N10: 페루
A11: 건율 | C11: 16800 | D11: 16500 | E11: 20800 | F11: =B11/500 -> 0 | G11: =C11/500 -> 33.6 | H11: =D11/600 -> 27.5 | I11: =E11/600 -> 34.666667 | J11: 34.7 | M11: 토 | N11: (절, 토)
A12: 건지황 | B12: 19900 | C12: 5600 | D12: 11000 | E12: 8900 | F12: =B12/500 -> 39.8 | G12: =C12/500 -> 11.2 | H12: =D12/600 -> 18.333333 | I12: =E12/600 -> 14.833333 | J12: 14.4 | L12: 허브팜중국
A13: 결명자 | F13: =B13/500 -> 0 | G13: =C13/500 -> 0 | H13: =D13/600 -> 0 | I13: =E13/600 -> 0
A14: 계자황(난황)
A15: 계지 | B15: 4500 | C15: 2000 | D15: 3500 | E15: 2900 | F15: =B15/500 -> 9 | G15: =C15/500 -> 4 | H15: =D15/600 -> 5.8333333 | I15: =E15/600 -> 4.8333333 | J15: 4.8 | L15: 씨케이베트남 | M15: 세 | N15: 엔탭베트남
A16: 계혈등
A17: 고량강 | C17: 10200 | E17: 11100 | F17: =B17/500 -> 0 | G17: =C17/600 -> 17 | H17: =D17/600 -> 0 | I17: =E17/600 -> 18.5 | J17: 17 | L17: 600g 씨케이중국 | N17: 씨케이중국
A18: 고본 | C18: 32000 | E18: 41600 | F18: =B18/500 -> 0 | G18: =C18/500 -> 64 | H18: =D18/600 -> 0 | I18: =E18/600 -> 69.333333 | J18: 64 | L18: 선일국산 | N18: 퓨어마인드국산
A19: 고삼 | C19: 4500 | F19: =B19/500 -> 0 | G19: =C19/500 -> 9 | H19: =D19/600 -> 0 | I19: =E19/600 -> 0 | J19: 9 | L19: 한솔중국
A20: 골쇄보 | F20: =B20/500 -> 0 | G20: =C20/500 -> 0 | H20: =D20/600 -> 0 | I20: =E20/600 -> 0
A21: 과루인 | C21: 3500 | D21: 6500 | F21: =B21/500 -> 0 | G21: =C21/500 -> 7 | H21: =D21/600 -> 10.833333 | I21: =E21/600 -> 0 | J21: 10.8 | M21: (추)
A22: 곽향1 | B22: 6900 | C22: 5600 | E22: 6900 | F22: =B22/500 -> 13.8 | G22: =C22/500 -> 11.2 | H22: =D22/600 -> 0 | I22: =E22/600 -> 11.5 | J22: 13.8 | L22: 선일국산 | N22: 씨케이국산
A23: 곽향2 | B23: 4600 | C23: 3500 | E23: 4800 | F23: =B23/500 -> 9.2 | G23: =C23/500 -> 7 | H23: =D23/600 -> 0 | I23: =E23/600 -> 8 | J23: 7 | K23: 인도네시아 | L23: 올본인도네시아 | N23: 엔탭인도네시아
A24: 관동화 | C24: 46000 | D24: 73000 | E24: 75400 | F24: =B24/500 -> 0 | G24: =C24/300 -> 153.33333 | H24: =D24/600 -> 121.66667 | I24: =E24/600 -> 125.66667 | J24: 121.7 | L24: 300g | N24: 엔탭중국
A25: 괴화 | F25: =B25/500 -> 0 | G25: =C25/500 -> 0 | H25: =D25/600 -> 0 | I25: =E25/600 -> 0
A26: 교이 | F26: =B26/500 -> 0 | G26: =C26/500 -> 0 | H26: =D26/600 -> 0 | I26: =E26/600 -> 0 | J26: 5.3
A27: 구기자 | B27: 14900 | C27: 8700 | D27: 9000 | E27: 8200 | F27: =B27/500 -> 29.8 | G27: =C27/500 -> 17.4 | H27: =D27/600 -> 15 | I27: =E27/600 -> 13.666667 | J27: 13.7 | N27: 엔탭중국영하
A28: 구맥 | F28: =B28/500 -> 0 | G28: =C28/500 -> 0 | H28: =D28/600 -> 0 | I28: =E28/600 -> 0
A29: 구척 | C29: 12000 | E29: 14300 | F29: =B29/500 -> 0 | G29: =C29/500 -> 24 | H29: =D29/600 -> 0 | I29: =E29/600 -> 23.833333
A30: 귀판 | C30: 20500 | D30: 19000 | F30: =B30/500 -> 0 | G30: =C30/600 -> 34.166667 | H30: =D30/600 -> 31.666667 | I30: =E30/600 -> 0 | J30: 31.7 | L30: 600g추말/자연세상인도네시아
A31: 금은화 | C31: 21500 | E31: 30800 | F31: =B31/500 -> 0 | G31: =C31/500 -> 43 | H31: =D31/600 -> 0 | I31: =E31/600 -> 51.333333 | J31: 43 | L31: 한솔중국 | N31: 엔탭중국
A32: 길경 | B32: 11500 | C32: 12900 | D32: 7500 | E32: 6900 | F32: =B32/500 -> 23 | G32: =C32/500 -> 25.8 | H32: =D32/600 -> 12.5 | I32: =E32/600 -> 11.5 | J32: 11.5 | K32: (중국4-5년) | L32: 선일국산 | M32: (편) | N32: 엔탭중국야생3년
A33: 나복자 | C33: 3000 | D33: 4000 | E33: 4000 | F33: =B33/500 -> 0 | G33: =C33/500 -> 6 | H33: =D33/600 -> 6.6666667 | I33: =E33/600 -> 6.6666667 | J33: 6 | L33: 올본인도/추말 | M33: 추
A34: 남성 | C34: 13000 | D34: 13000 | F34: =B34/500 -> 0 | G34: =C34/500 -> 26 | H34: =D34/500 -> 26 | I34: =E34/600 -> 0 | J34: 26 | L34: 생강백반제/신흥중국 | M34: 500g생강백반제/신흥중국
A35: 녹각교
A36: 녹용 | C36: 278000 | F36: =B36/500 -> 0 | G36: =C36/600 -> 463.33333 | H36: =D36/600 -> 0 | I36: =E36/600 -> 0 | J36: 463.3 | L36: 600g
A37: 단삼 | C37: 6600 | E37: 8900 | F37: =B37/500 -> 0 | G37: =C37/500 -> 13.2 | H37: =D37/600 -> 0 | I37: =E37/600 -> 14.833333 | J37: 14.8 | L37: 허브팜중국 | N37: 엔탭중국
A38: 담두시 | D38: 8000 | F38: =B38/500 -> 0 | G38: =C38/500 -> 0 | H38: =D38/600 -> 13.333333 | I38: =E38/600 -> 0 | J38: 13.3
A39: 당귀1 | B39: 14900 | C39: 12700 | D39: 15000 | E39: 16300 | F39: =B39/500 -> 29.8 | G39: =C39/500 -> 25.4 | H39: =D39/600 -> 25 | I39: =E39/600 -> 27.166667 | J39: 27.2 | L39: 선일국산 | N39: 선일국산
A40: 당귀2 | C40: 12700 | E40: 13800 | F40: =B40/500 -> 0 | G40: =C40/500 -> 25.4 | H40: =D40/600 -> 0 | I40: =E40/600 -> 23 | J40: 23 | L40: 선일국산 | N40: 선일국산
A41: 당삼 | C41: 26000 | D41: 32000 | E41: 35500 | F41: =B41/500 -> 0 | G41: =C41/600 -> 43.333333 | H41: =D41/600 -> 53.333333 | I41: =E41/600 -> 59.166667 | J41: 43.3 | L41: 600g씨케이중국 | N41: 엔탭중국
A42: 대두황권 | C42: 13000 | E42: 15800 | F42: =B42/500 -> 0 | G42: =C42/500 -> 26 | H42: =D42/600 -> 0 | I42: =E42/600 -> 26.333333 | J42: 26 | L42: 씨케이중국 | N42: 씨케이중국
A43: 대복피 | D43: 4000 | E43: 3200 | F43: =B43/500 -> 0 | G43: =C43/500 -> 0 | H43: =D43/600 -> 6.6666667 | I43: =E43/600 -> 5.3333333 | J43: 5.3 | N43: 엔탭인도네시아
A44: 대추 | C44: 10300 | D44: 10000 | E44: 12500 | F44: =B44/500 -> 0 | G44: =C44/500 -> 20.6 | H44: =D44/600 -> 16.666667 | I44: =E44/600 -> 20.833333 | J44: 20.8 | L44: 선일국산/절 | M44: 토 | N44: 한도국산/절
A45: 대황 | C45: 4500 | D45: 9500 | E45: 7800 | F45: =B45/500 -> 0 | G45: =C45/500 -> 9 | H45: =D45/600 -> 15.833333 | I45: =E45/600 -> 13 | J45: 13 | M45: (종) | N45: 당고특금문/퓨어마인드
A46: 도인 | C46: 6200 | D46: 8000 | F46: =B46/500 -> 0 | G46: =C46/500 -> 12.4 | H46: =D46/600 -> 13.333333 | I46: =E46/600 -> 0 | J46: 13.3 | M46: (편)
A47: 독활 | C47: 15600 | D47: 19000 | E47: 18000 | F47: =B47/500 -> 0 | G47: =C47/500 -> 31.2 | H47: =D47/600 -> 31.666667 | I47: =E47/600 -> 30 | J47: 31.2 | L47: 선일국산 | M47: 토
A48: 동과자 | D48: 7000 | F48: =B48/500 -> 0 | G48: =C48/500 -> 0 | H48: =D48/600 -> 11.666667 | I48: =E48/600 -> 0 | J48: 11.7
A49: 두충 | B49: 10700 | C49: 5700 | D49: 9500 | E49: 6800 | F49: =B49/500 -> 21.4 | G49: =C49/500 -> 11.4 | H49: =D49/600 -> 15.833333 | I49: =E49/600 -> 11.333333 | J49: 21.4 | K49: 두충(염자) | L49: 올본중국 | M49: 염자 | N49: 거피/엔탭중국
A50: 등심초 | C50: 6500 | D50: 7000 | E50: 6700 | F50: =B50/500 -> 0 | G50: =C50/100 -> 65 | H50: =D50/100 -> 70 | I50: =E50/100 -> 67 | J50: 65 | L50: 100g 올본중국 | M50: 100g | N50: 100g 엔탭중국
A51: 마자인 | C51: 4000 | E51: 5100 | F51: =B51/500 -> 0 | G51: =C51/500 -> 8 | H51: =D51/600 -> 0 | I51: =E51/600 -> 8.5 | J51: 8 | L51: 씨케이중국 | N51: 엔탭중국
A52: 마황 | C52: 4200 | D52: 7500 | E52: 5000 | F52: =B52/500 -> 0 | G52: =C52/500 -> 8.4 | H52: =D52/600 -> 12.5 | I52: =E52/600 -> 8.3333333 | J52: 8.5 | L52: 씨케이중국 | N52: 씨케이 중국
A53: 만형자 | C53: 13200 | E53: 15800 | F53: =B53/500 -> 0 | G53: =C53/500 -> 26.4 | H53: =D53/600 -> 0 | I53: =E53/600 -> 26.333333 | J53: 26.3 | L53: 허브팜인도네시아 | N53: 현진중국
A54: 망초 | C54: 3000 | D54: 4000 | F54: =B54/500 -> 0 | G54: =C54/600 -> 5 | H54: =D54/600 -> 6.6666667 | I54: =E54/600 -> 0 | J54: 5 | L54: 600g씨케이중국
A55: 맥문동 | C55: 19600 | D55: 39000 | E55: 23500 | F55: =B55/500 -> 0 | G55: =C55/500 -> 39.2 | H55: =D55/600 -> 65 | I55: =E55/600 -> 39.166667 | J55: 44.3 | L55: 선일국산(밀양) | M55: 토 | N55: 한동허브중국
A56: 맥아 | C56: 8000 | D56: 7500 | F56: =B56/500 -> 0 | G56: =C56/1000 -> 8 | H56: =D56/1000 -> 7.5 | I56: =E55/1000 -> 23.5 | J56: 7.5 | L56: 1kg신흥국산 | M56: 1kg신흥국산 | N56: 1kg신흥국산
A57: 모과 | C57: 4700 | D57: 7000 | E57: 5900 | F57: =B57/500 -> 0 | G57: =C57/500 -> 9.4 | H57: =D57/600 -> 11.666667 | I57: =E57/600 -> 9.8333333 | J57: 9.8
A58: 모려 | C58: 8000 | D58: 8000 | F58: =B58/500 -> 0 | G58: =C58/1000 -> 8 | H58: =D58/1000 -> 8 | I58: =E58/600 -> 0 | J58: 8 | L58: 1kg신흥국산
A59: 목단피 | B59: 18500 | C59: 14000 | D59: 19000 | E59: 20200 | F59: =B59/500 -> 37 | G59: =C59/500 -> 28 | H59: =D59/600 -> 31.666667 | I59: =E59/600 -> 33.666667 | J59: 28 | L59: 한솔중국 | N59: 엔탭중국
A60: 목통 | C60: 5400 | D60: 7000 | E60: 6400 | F60: =B60/500 -> 0 | G60: =C60/500 -> 10.8 | H60: =D60/600 -> 11.666667 | I60: =E60/600 -> 10.666667 | J60: 10.7 | M60: (특) | N60: 자담국산
A61: 목향 | C61: 6000 | D61: 8500 | E61: 7300 | F61: =B61/500 -> 0 | G61: =C61/600 -> 10 | H61: =D61/600 -> 14.166667 | I61: =E61/600 -> 12.166667 | J61: 12.2 | L61: 600g | M61: (특) | N61: 엔탭중국
A62: 몰약 | E62: 10500 | F62: =B62/500 -> 0 | G62: =C62/500 -> 0 | H62: =D62/600 -> 0 | I62: =E62/600 -> 17.5 | J62: 17.5 | N62: 엔탭중국
A63: 박하 | C63: 8500 | E63: 10800 | F63: =B63/500 -> 0 | G63: =C63/500 -> 17 | H63: =D63/600 -> 0 | I63: =E63/600 -> 18 | J63: 21.8 | L63: 선일국산 | N63: 국산
A64: 반하 | C64: 20500 | D64: 26500 | E64: 20500 | F64: =B64/500 -> 0 | G64: =C64/500 -> 41 | H64: =D64/500 -> 53 | I64: =E64/500 -> 41 | J64: 41 | L64: 법/신흥중국 | M64: 500g (신흥,법) | N64: 500g (신흥,법)
A65: 방기1 | E65: 42100 | F65: =B65/500 -> 0 | G65: =C65/500 -> 0 | H65: =D65/600 -> 0 | I65: =E65/600 -> 70.166667 | J65: 70.2 | N65: 보국약품, 중국
A66: 방기2 | C66: 3000 | E66: 3500 | F66: =B66/500 -> 0 | G66: =C66/500 -> 6 | H66: =D66/600 -> 0 | I66: =E66/600 -> 5.8333333 | J66: 5.8 | L66: 씨케이중국 | N66: 씨케이중국
A67: 방기3 | F67: =B67/500 -> 0 | G67: =C67/500 -> 0 | H67: =D67/600 -> 0 | I67: =E67/600 -> 0
A68: 방풍1 | C68: 5900 | E68: 7000 | F68: =B68/500 -> 0 | G68: =C68/500 -> 11.8 | H68: =D68/600 -> 0 | I68: =E68/600 -> 11.666667 | J68: 13.2 | N68: 엔탭중국
A69: 방풍2 | C69: 11300 | D69: 14000 | F69: =B69/500 -> 0 | G69: =C69/500 -> 22.6 | H69: =D69/600 -> 23.333333 | I69: =E69/600 -> 0 | J69: 22.6 | L69: 선일국산
A70: 백강잠 | C70: 14000 | F70: =B70/500 -> 0 | G70: =C70/500 -> 28 | H70: =D70/600 -> 0 | I70: =E70/600 -> 0 | J70: 28 | L70: 허브팜중국
A71: 백개자 | C71: 3600 | E71: 3800 | F71: =B71/500 -> 0 | G71: =C71/500 -> 7.2 | H71: =D71/600 -> 0 | I71: =E71/600 -> 6.3333333 | J71: 6.3 | L71: 올본중국
A72: 백두구 | C72: 10500 | E72: 12600 | F72: =B72/500 -> 0 | G72: =C72/500 -> 21 | H72: =D72/600 -> 0 | I72: =E72/600 -> 21 | J72: 21 | L72: 올본인도네시아/추말 | N72: 중국/유피추말
A73: 백두옹
A74: 백부근 | C74: 10700 | D74: 15000 | F74: =B74/500 -> 0 | G74: =C74/500 -> 21.4 | H74: =D74/600 -> 25 | I74: =E74/600 -> 0 | J74: 23.3
A75: 백부자 | F75: =B75/500 -> 0 | G75: =C75/500 -> 0 | H75: =D75/600 -> 0 | I75: =E75/600 -> 0
A76: 백선피
A77: 백자인 | C77: 21500 | D77: 32000 | E77: 27500 | F77: =B77/500 -> 0 | G77: =C77/500 -> 43 | H77: =D77/600 -> 53.333333 | I77: =E77/600 -> 45.833333 | J77: 43 | L77: 푸른무약중국
A78: 백작약 | B78: 9800 | C78: 9000 | D78: 15000 | E78: 9200 | F78: =B78/500 -> 19.6 | G78: =C78/500 -> 18 | H78: =D78/600 -> 25 | I78: =E78/600 -> 15.333333 | J78: 19.6 | K78: 4년근이상 | L78: 선일국산/유피 | N78: 퓨어마인드국산
A79: 백지 | B79: 16900 | C79: 13200 | D79: 16500 | E79: 16300 | F79: =B79/500 -> 33.8 | G79: =C79/500 -> 26.4 | H79: =D79/600 -> 27.5 | I79: =E79/600 -> 27.166667 | J79: 26.4 | L79: 선일국산 | M79: 토 | N79: 선일국산
A80: 백질려 | E80: 9600 | F80: =B80/500 -> 0 | G80: =C80/500 -> 0 | H80: =D80/600 -> 0 | I80: =E80/600 -> 16 | J80: 16
A81: 백출 | C81: 14000 | D81: 16000 | E81: 16700 | F81: =B81/500 -> 0 | G81: =C81/500 -> 28 | H81: =D81/600 -> 26.666667 | I81: =E81/600 -> 27.833333 | J81: 30.3 | N81: 엔탭중국
A82: 백편두 | C82: 6300 | F82: =B82/500 -> 0 | G82: =C82/600 -> 10.5 | H82: =D82/600 -> 0 | I82: =E82/600 -> 0 | J82: 10.5 | L82: 600g씨케이미얀마/초추말
A83: 백하수오 | C83: 23000 | E83: 29900 | F83: =B83/500 -> 0 | G83: =C83/500 -> 46 | H83: =D83/600 -> 0 | I83: =E83/600 -> 49.833333 | J83: 49.8 | L83: 선일국산 | N83: 은조롱/광명당제약국산
A84: 백합 | C84: 10000 | F84: =B84/500 -> 0 | G84: =C84/600 -> 16.666667 | H84: =D84/600 -> 0 | I84: =E84/600 -> 0 | J84: 16.7 | L84: 씨케이중국
A85: 별갑 | C85: 20500 | E85: 16600 | F85: =B85/500 -> 0 | G85: =C85/600 -> 34.166667 | H85: =D85/600 -> 0 | I85: =E85/600 -> 27.666667 | L85: 600g자연세상인도네시아 | N85: 인도
A86: 복령 | B86: 9900 | C86: 4400 | D86: 7000 | E86: 5400 | F86: =B86/500 -> 19.8 | G86: =C86/500 -> 8.8 | H86: =D86/600 -> 11.666667 | I86: =E86/600 -> 9 | J86: 9 | K86: 대별산 | N86: 엔탭중국
A87: 복분자 | C87: 5200 | F87: =B87/500 -> 0 | G87: =C87/500 -> 10.4 | H87: =D87/600 -> 0 | I87: =E87/600 -> 0 | J87: 10.4 | L87: 바른중국
A88: 복신 | D88: 16000 | F88: =B88/500 -> 0 | G88: =C88/500 -> 0 | H88: =D88/600 -> 26.666667 | I88: =E88/600 -> 0
A89: 봉출 | C89: 4500 | D89: 6500 | E89: 5900 | F89: =B89/500 -> 0 | G89: =C89/500 -> 9 | H89: =D89/600 -> 10.833333 | I89: =E89/600 -> 9.8333333 | J89: 10.8 | L89: 씨케이중국 | N89: 허브팜중국
A90: 부소맥 | E90: 6200 | I90: =E90/600 -> 10.333333 | J90: 10.3
A91: 부자 | D91: 11000 | E91: 11900 | F91: =B91/500 -> 0 | G91: =C91/500 -> 0 | H91: =D91/600 -> 18.333333 | I91: =E91/600 -> 19.833333 | J91: 18.3 | M91: 경포 | N91: 중국
A92: 빈랑 | C92: 4200 | D92: 7000 | E92: 5000 | F92: =B92/500 -> 0 | G92: =C92/500 -> 8.4 | H92: =D92/600 -> 11.666667 | I92: =E92/600 -> 8.3333333 | J92: 8.3 | N92: 엔탭인도네시아
A93: 사삼 | C93: 10500 | D93: 16500 | E93: 12600 | F93: =B93/500 -> 0 | G93: =C93/500 -> 21 | H93: =D93/600 -> 27.5 | I93: =E93/600 -> 21 | J93: 27.2 | N93: 엔탭중국
A94: 사인 | C94: 13200 | D94: 15000 | E94: 13100 | F94: =B94/500 -> 0 | G94: =C94/500 -> 26.4 | H94: =D94/600 -> 25 | I94: =E94/600 -> 21.833333 | J94: 21.8 | L94: 초추 | M94: 초추 | N94: 엔탭미얀마/추말
A95: 산사 | C95: 3500 | D95: 4500 | E95: 5000 | F95: =B95/500 -> 0 | G95: =C95/500 -> 7 | H95: =D95/600 -> 7.5 | I95: =E95/600 -> 8.3333333 | J95: 7 | L95: 올본중국 | N95: 엔탭중국
A96: 산수유 | C96: 12500 | D96: 24000 | E96: 15600 | F96: =B96/500 -> 0 | G96: =C96/500 -> 25 | H96: =D96/600 -> 40 | I96: =E96/600 -> 26 | J96: 27.7 | L96: 선일국산(구례) | M96: (토) | N96: 국산(구례)
A97: 산약 | C97: 10400 | D97: 11000 | E97: 24600 | F97: =B97/500 -> 0 | G97: =C97/500 -> 20.8 | H97: =D97/600 -> 18.333333 | I97: =E97/600 -> 41 | J97: 18.3 | L97: 태극인국산/유피 | M97: 거피 | N97: 선일국산/거피
A98: 산조인 | C98: 125800 | E98: 169000 | F98: =B98/500 -> 0 | G98: =C98/500 -> 251.6 | H98: =D98/600 -> 0 | I98: =E98/600 -> 281.66667 | L98: 휴먼중국/원/초 | N98: 엔탭중국/원/초
A99: 삼릉 | C99: 3800 | D99: 5500 | E99: 4900 | F99: =B99/500 -> 0 | G99: =C99/500 -> 7.6 | H99: =D99/600 -> 9.1666667 | I99: =E99/600 -> 8.1666667 | J99: 9.2 | L99: 허브팜중국 | N99: 엔탭중국
A100: 상기생 | F100: =B100/500 -> 0 | G100: =C100/500 -> 0 | H100: =D100/600 -> 0 | I100: =E100/600 -> 0
...
