Workbook

Sheet 처방전양식 (4)
B1: No. | C1: 약재명 | D1: 수치 | E1: 그램 | F1: 총용량 | G1: 1g 금액 | H1: 1첩 금액 | I1: 총 금액 | K1: 기본 정보
B2: 1 | C2: 당귀1 | E2: 8 | F2: =E2*$L$15 -> 160 | G2: =VLOOKUP($C2,약재관리!A:J,10,FALSE) -> 25 | H2: =G2*E2 -> 200 | I2: =G2*F2 -> 4000 | K2: UNIT | L2: 31
B3: 2 | C3: 향부자 | E3: 6 | F3: =E3*$L$15 -> 120 | G3: =VLOOKUP($C3,약재관리!A:J,10,FALSE) -> 14.4 | H3: =G3*E3 -> 86.4 | I3: =G3*F3 -> 1728 | K3: 처방명 | L3: 당귀수산+평위산
B4: 3 | C4: 오약 | E4: 6 | F4: =E4*$L$15 -> 120 | G4: =VLOOKUP($C4,약재관리!A:J,10,FALSE) -> 9.2 | H4: =G4*E4 -> 55.2 | I4: =G4*F4 -> 1104 | K4: 날짜 | L4: 45771
B5: 4 | C5: 소목 | E5: 6 | F5: =E5*$L$15 -> 120 | G5: =VLOOKUP($C5,약재관리!A:J,10,FALSE) -> 6.2 | H5: =G5*E5 -> 37.2 | I5: =G5*F5 -> 744 | K5: 이름 | L5: 상비약
B6: 5 | C6: 백작약 | E6: 6 | F6: =E6*$L$15 -> 120 | G6: =VLOOKUP($C6,약재관리!A:J,10,FALSE) -> 19.6 | H6: =G6*E6 -> 117.6 | I6: =G6*F6 -> 2352 | K6: 나이
B7: 6 | C7: 육계 | E7: 3 | F7: =E7*$L$15 -> 60 | G7: =VLOOKUP($C7,약재관리!A:J,10,FALSE) -> 14.8 | H7: =G7*E7 -> 44.4 | I7: =G7*F7 -> 888 | K7: 성별
B8: 7 | C8: 홍화 | E8: 3 | F8: =E8*$L$15 -> 60 | G8: =VLOOKUP($C8,약재관리!A:J,10,FALSE) -> 44.2 | H8: =G8*E8 -> 132.6 | I8: =G8*F8 -> 2652 | K8: 메모
B9: 8 | C9: 천궁1 | E9: 3 | F9: =E9*$L$15 -> 60 | G9: =VLOOKUP($C9,약재관리!A:J,10,FALSE) -> 10.8 | H9: =G9*E9 -> 32.4 | I9: =G9*F9 -> 648 | K9: 주수상반 (담금주 30도 1.2L)
B10: 9 | C10: 도인 | E10: 3 | F10: =E10*$L$15 -> 60 | G10: =VLOOKUP($C10,약재관리!A:J,10,FALSE) -> 13.3 | H10: =G10*E10 -> 39.9 | I10: =G10*F10 -> 798
B11: 10 | C11: 백개자 | E11: 2 | F11: =E11*$L$15 -> 40 | G11: =VLOOKUP($C11,약재관리!A:J,10,FALSE) -> 7.2 | H11: =G11*E11 -> 14.4 | I11: =G11*F11 -> 288
B12: 11 | C12: 현호색 | E12: 4 | F12: =E12*$L$15 -> 80 | G12: =VLOOKUP($C12,약재관리!A:J,10,FALSE) -> 46.7 | H12: =G12*E12 -> 186.8 | I12: =G12*F12 -> 3736
B13: 12 | C13: 창출1 | E13: 4 | F13: =E13*$L$15 -> 80 | G13: =VLOOKUP($C13,약재관리!A:J,10,FALSE) -> 24 | H13: =G13*E13 -> 96 | I13: =G13*F13 -> 1920
B14: 13 | C14: 후박 | E14: 3 | F14: =E14*$L$15 -> 60 | G14: =VLOOKUP($C14,약재관리!A:J,10,FALSE) -> 8.8 | H14: =G14*E14 -> 26.4 | I14: =G14*F14 -> 528 | K14: 총 일수 | L14: 15 | M14: 일분
B15: 14 | C15: 감초 | E15: 3 | F15: =E15*$L$15 -> 60 | G15: =VLOOKUP($C15,약재관리!A:J,10,FALSE) -> 28.3 | H15: =G15*E15 -> 84.9 | I15: =G15*F15 -> 1698 | K15: 첩수 | L15: 20 | M15: 첩
B16: 15 | C16: 청피 | E16: 4 | F16: =E16*$L$15 -> 80 | G16: =VLOOKUP($C16,약재관리!A:J,10,FALSE) -> 7.3 | H16: =G16*E16 -> 29.2 | I16: =G16*F16 -> 584 | K16: 총 팩수 | L16: 45 | M16: 팩
B17: 16 | C17: 우슬 | E17: 4 | F17: =E17*$L$15 -> 80 | G17: =VLOOKUP($C17,약재관리!A:J,10,FALSE) -> 17.7 | H17: =G17*E17 -> 70.8 | I17: =G17*F17 -> 1416 | K17: 팩당 물량 | L17: 90 | M17: cc
B18: 17 | F18: =E18*$L$15 -> 0 | H18: =G18*E18 -> 0 | I18: =G18*F18 -> 0 | K18: 1첩당약재 | L18: =SUM(E2:E31) -> 68 | M18: g
B19: 18 | F19: =E19*$L$15 -> 0 | H19: =G19*E19 -> 0 | I19: =G19*F19 -> 0 | K19: 약재총량 | L19: =L15*L18 -> 1360 | M19: g
B20: 19 | F20: =E20*$L$15 -> 0 | H20: =G20*E20 -> 0 | I20: =G20*F20 -> 0 | K20: 총 물 양 | L20: =L16*L17+L19 -> 5410 | M20: cc
B21: 20 | F21: =E21*$L$15 -> 0 | H21: =G21*E21 -> 0 | I21: =G21*F21 -> 0
B22: 21 | F22: =E22*$L$15 -> 0 | H22: =G22*E22 -> 0 | I22: =G22*F22 -> 0 | K22: 참고치
B23: 22 | F23: =E23*$L$15 -> 0 | H23: =G23*E23 -> 0 | I23: =G23*F23 -> 0 | K23: cross chk | L23: =SUM(F2:F31) -> 1360 | M23: g
B24: 23 | F24: =E24*$L$15 -> 0 | H24: =G24*E24 -> 0 | I24: =G24*F24 -> 0 | K24: 20첩물양 | L24: 5000 | M24: cc
B25: 24 | F25: =E25*$L$15 -> 0 | H25: =G25*E25 -> 0 | I25: =G25*F25 -> 0 | K25: 1첩당 | L25: 80-120 | M25: g
B26: 25 | F26: =E26*$L$15 -> 0 | H26: =G26*E26 -> 0 | I26: =G26*F26 -> 0 | K26: 20첩당 | L26: 1600 | M26: g
B27: 26 | F27: =E27*$L$15 -> 0 | H27: =G27*E27 -> 0 | I27: =G27*F27 -> 0 | K27: 1돈 환산 | L27: 4 | M27: g
B28: 27 | F28: =E28*$L$15 -> 0 | H28: =G28*E28 -> 0 | I28: =G28*F28 -> 0
B29: 28 | F29: =E29*$L$15 -> 0 | H29: =G29*E29 -> 0 | I29: =G29*F29 -> 0 | K29: 금액
B30: 29 | F30: =E30*$L$15 -> 0 | H30: =G30*E30 -> 0 | I30: =G30*F30 -> 0 | K30: 1첩당 | L30: =SUM(H2:H31) -> 1254.2 | M30: 원
B31: 30 | F31: =E31*$L$15 -> 0 | H31: =G31*E31 -> 0 | I31: =G31*F31 -> 0 | K31: 총 | L31: =SUM(I2:I31) -> 25084 | M31: 원

Sheet 처방전양식 (3)
B1: No. | C1: 약재명 | D1: 수치 | E1: 그램 | F1: 총용량 | G1: 1g 금액 | H1: 1첩 금액 | I1: 총 금액 | K1: 기본 정보
B2: 1 | C2: 당귀1 | E2: 8 | F2: =E2*$L$15 -> 160 | G2: =VLOOKUP($C2,약재관리!A:J,10,FALSE) -> 25 | H2: =G2*E2 -> 200 | I2: =G2*F2 -> 4000 | K2: UNIT | L2: 31
B3: 2 | C3: 향부자 | E3: 6 | F3: =E3*$L$15 -> 120 | G3: =VLOOKUP($C3,약재관리!A:J,10,FALSE) -> 14.4 | H3: =G3*E3 -> 86.4 | I3: =G3*F3 -> 1728 | K3: 처방명 | L3: 당귀수산+평위산
B4: 3 | C4: 오약 | E4: 6 | F4: =E4*$L$15 -> 120 | G4: =VLOOKUP($C4,약재관리!A:J,10,FALSE) -> 9.2 | H4: =G4*E4 -> 55.2 | I4: =G4*F4 -> 1104 | K4: 날짜 | L4: 45673
B5: 4 | C5: 소목 | E5: 6 | F5: =E5*$L$15 -> 120 | G5: =VLOOKUP($C5,약재관리!A:J,10,FALSE) -> 6.2 | H5: =G5*E5 -> 37.2 | I5: =G5*F5 -> 744 | K5: 이름 | L5: 상비약
B6: 5 | C6: 백작약 | E6: 6 | F6: =E6*$L$15 -> 120 | G6: =VLOOKUP($C6,약재관리!A:J,10,FALSE) -> 19.6 | H6: =G6*E6 -> 117.6 | I6: =G6*F6 -> 2352 | K6: 나이
B7: 6 | C7: 육계 | E7: 3 | F7: =E7*$L$15 -> 60 | G7: =VLOOKUP($C7,약재관리!A:J,10,FALSE) -> 14.8 | H7: =G7*E7 -> 44.4 | I7: =G7*F7 -> 888 | K7: 성별
B8: 7 | C8: 홍화 | E8: 3 | F8: =E8*$L$15 -> 60 | G8: =VLOOKUP($C8,약재관리!A:J,10,FALSE) -> 44.2 | H8: =G8*E8 -> 132.6 | I8: =G8*F8 -> 2652 | K8: 메모
B9: 8 | C9: 천궁1 | E9: 3 | F9: =E9*$L$15 -> 60 | G9: =VLOOKUP($C9,약재관리!A:J,10,FALSE) -> 10.8 | H9: =G9*E9 -> 32.4 | I9: =G9*F9 -> 648 | K9: 주수상반 (담금주 30도 1.2L)
B10: 9 | C10: 도인 | E10: 3 | F10: =E10*$L$15 -> 60 | G10: =VLOOKUP($C10,약재관리!A:J,10,FALSE) -> 13.3 | H10: =G10*E10 -> 39.9 | I10: =G10*F10 -> 798
B11: 10 | C11: 백개자 | E11: 2 | F11: =E11*$L$15 -> 40 | G11: =VLOOKUP($C11,약재관리!A:J,10,FALSE) -> 7.2 | H11: =G11*E11 -> 14.4 | I11: =G11*F11 -> 288
B12: 11 | C12: 현호색 | E12: 4 | F12: =E12*$L$15 -> 80 | G12: =VLOOKUP($C12,약재관리!A:J,10,FALSE) -> 46.7 | H12: =G12*E12 -> 186.8 | I12: =G12*F12 -> 3736
B13: 12 | C13: 창출1 | E13: 4 | F13: =E13*$L$15 -> 80 | G13: =VLOOKUP($C13,약재관리!A:J,10,FALSE) -> 24 | H13: =G13*E13 -> 96 | I13: =G13*F13 -> 1920
B14: 13 | C14: 후박 | E14: 3 | F14: =E14*$L$15 -> 60 | G14: =VLOOKUP($C14,약재관리!A:J,10,FALSE) -> 8.8 | H14: =G14*E14 -> 26.4 | I14: =G14*F14 -> 528 | K14: 총 일수 | L14: 15 | M14: 일분
B15: 14 | C15: 감초 | E15: 3 | F15: =E15*$L$15 -> 60 | G15: =VLOOKUP($C15,약재관리!A:J,10,FALSE) -> 28.3 | H15: =G15*E15 -> 84.9 | I15: =G15*F15 -> 1698 | K15: 첩수 | L15: 20 | M15: 첩
B16: 15 | F16: =E16*$L$15 -> 0 | H16: =G16*E16 -> 0 | I16: =G16*F16 -> 0 | K16: 총 팩수 | L16: 45 | M16: 팩
B17: 16 | H17: =G17*E17 -> 0 | I17: =G17*F17 -> 0 | K17: 팩당 물량 | L17: 90 | M17: cc
B18: 17 | F18: =E18*$L$15 -> 0 | H18: =G18*E18 -> 0 | I18: =G18*F18 -> 0 | K18: 1첩당약재 | L18: =SUM(E2:E31) -> 60 | M18: g
B19: 18 | F19: =E19*$L$15 -> 0 | H19: =G19*E19 -> 0 | I19: =G19*F19 -> 0 | K19: 약재총량 | L19: =L15*L18 -> 1200 | M19: g
B20: 19 | F20: =E20*$L$15 -> 0 | H20: =G20*E20 -> 0 | I20: =G20*F20 -> 0 | K20: 총 물 양 | L20: =L16*L17+L19 -> 5250 | M20: cc
B21: 20 | F21: =E21*$L$15 -> 0 | H21: =G21*E21 -> 0 | I21: =G21*F21 -> 0
B22: 21 | F22: =E22*$L$15 -> 0 | H22: =G22*E22 -> 0 | I22: =G22*F22 -> 0 | K22: 참고치
B23: 22 | F23: =E23*$L$15 -> 0 | H23: =G23*E23 -> 0 | I23: =G23*F23 -> 0 | K23: cross chk | L23: =SUM(F2:F31) -> 1200 | M23: g
B24: 23 | F24: =E24*$L$15 -> 0 | H24: =G24*E24 -> 0 | I24: =G24*F24 -> 0 | K24: 20첩물양 | L24: 5000 | M24: cc
B25: 24 | F25: =E25*$L$15 -> 0 | H25: =G25*E25 -> 0 | I25: =G25*F25 -> 0 | K25: 1첩당 | L25: 80-120 | M25: g
B26: 25 | F26: =E26*$L$15 -> 0 | H26: =G26*E26 -> 0 | I26: =G26*F26 -> 0 | K26: 20첩당 | L26: 1600 | M26: g
B27: 26 | F27: =E27*$L$15 -> 0 | H27: =G27*E27 -> 0 | I27: =G27*F27 -> 0 | K27: 1돈 환산 | L27: 4 | M27: g
B28: 27 | F28: =E28*$L$15 -> 0 | H28: =G28*E28 -> 0 | I28: =G28*F28 -> 0
B29: 28 | F29: =E29*$L$15 -> 0 | H29: =G29*E29 -> 0 | I29: =G29*F29 -> 0 | K29: 금액
B30: 29 | F30: =E30*$L$15 -> 0 | H30: =G30*E30 -> 0 | I30: =G30*F30 -> 0 | K30: 1첩당 | L30: =SUM(H2:H31) -> 1154.2 | M30: 원
B31: 30 | F31: =E31*$L$15 -> 0 | H31: =G31*E31 -> 0 | I31: =G31*F31 -> 0 | K31: 총 | L31: =SUM(I2:I31) -> 23084 | M31: 원

Sheet 처방전양식 (2)
B1: No. | C1: 약재명 | D1: 수치 | E1: 그램 | F1: 총용량 | G1: 1g 금액 | H1: 1첩 금액 | I1: 총 금액 | K1: 기본 정보
B2: 1 | C2: 당귀1 | E2: 8 | F2: =E2*$L$15 -> 160 | G2: =VLOOKUP($C2,약재관리!A:J,10,FALSE) -> 25 | H2: =G2*E2 -> 200 | I2: =G2*F2 -> 4000 | K2: UNIT | L2: 31
B3: 2 | C3: 향부자 | E3: 6 | F3: =E3*$L$15 -> 120 | G3: =VLOOKUP($C3,약재관리!A:J,10,FALSE) -> 14.4 | H3: =G3*E3 -> 86.4 | I3: =G3*F3 -> 1728 | K3: 처방명 | L3: 당귀수산+평위산
B4: 3 | C4: 오약 | E4: 6 | F4: =E4*$L$15 -> 120 | G4: =VLOOKUP($C4,약재관리!A:J,10,FALSE) -> 9.2 | H4: =G4*E4 -> 55.2 | I4: =G4*F4 -> 1104 | K4: 날짜 | L4: 45636
B5: 4 | C5: 소목 | E5: 6 | F5: =E5*$L$15 -> 120 | G5: =VLOOKUP($C5,약재관리!A:J,10,FALSE) -> 6.2 | H5: =G5*E5 -> 37.2 | I5: =G5*F5 -> 744 | K5: 이름 | L5: 상비약
B6: 5 | C6: 백작약 | E6: 6 | F6: =E6*$L$15 -> 120 | G6: =VLOOKUP($C6,약재관리!A:J,10,FALSE) -> 19.6 | H6: =G6*E6 -> 117.6 | I6: =G6*F6 -> 2352 | K6: 나이
B7: 6 | C7: 육계 | E7: 3 | F7: =E7*$L$15 -> 60 | G7: =VLOOKUP($C7,약재관리!A:J,10,FALSE) -> 14.8 | H7: =G7*E7 -> 44.4 | I7: =G7*F7 -> 888 | K7: 성별
B8: 7 | C8: 홍화 | E8: 3 | F8: =E8*$L$15 -> 60 | G8: =VLOOKUP($C8,약재관리!A:J,10,FALSE) -> 44.2 | H8: =G8*E8 -> 132.6 | I8: =G8*F8 -> 2652 | K8: 메모
B9: 8 | C9: 천궁1 | E9: 3 | F9: =E9*$L$15 -> 60 | G9: =VLOOKUP($C9,약재관리!A:J,10,FALSE) -> 10.8 | H9: =G9*E9 -> 32.4 | I9: =G9*F9 -> 648 | K9: 주수상반 (담금주 30도 1.2L)
B10: 9 | C10: 도인 | E10: 3 | F10: =E10*$L$15 -> 60 | G10: =VLOOKUP($C10,약재관리!A:J,10,FALSE) -> 13.3 | H10: =G10*E10 -> 39.9 | I10: =G10*F10 -> 798
B11: 10 | C11: 백개자 | E11: 2 | F11: =E11*$L$15 -> 40 | G11: =VLOOKUP($C11,약재관리!A:J,10,FALSE) -> 7.2 | H11: =G11*E11 -> 14.4 | I11: =G11*F11 -> 288
B12: 11 | C12: 현호색 | E12: 4 | F12: =E12*$L$15 -> 80 | G12: =VLOOKUP($C12,약재관리!A:J,10,FALSE) -> 46.7 | H12: =G12*E12 -> 186.8 | I12: =G12*F12 -> 3736
B13: 12 | C13: 창출1 | E13: 6 | F13: =E13*$L$15 -> 120 | G13: =VLOOKUP($C13,약재관리!A:J,10,FALSE) -> 24 | H13: =G13*E13 -> 144 | I13: =G13*F13 -> 2880
B14: 13 | C14: 후박 | E14: 4 | F14: =E14*$L$15 -> 80 | G14: =VLOOKUP($C14,약재관리!A:J,10,FALSE) -> 8.8 | H14: =G14*E14 -> 35.2 | I14: =G14*F14 -> 704 | K14: 총 일수 | L14: 15 | M14: 일분
B15: 14 | C15: 진피1 | E15: 4 | F15: =E15*$L$15 -> 80 | G15: =VLOOKUP($C15,약재관리!A:J,10,FALSE) -> 17.6 | H15: =G15*E15 -> 70.4 | I15: =G15*F15 -> 1408 | K15: 첩수 | L15: 20 | M15: 첩
B16: 15 | C16: 감초 | E16: 3 | F16: =E16*$L$15 -> 60 | G16: =VLOOKUP($C16,약재관리!A:J,10,FALSE) -> 28.3 | H16: =G16*E16 -> 84.9 | I16: =G16*F16 -> 1698 | K16: 총 팩수 | L16: 45 | M16: 팩
B17: 16 | H17: =G17*E17 -> 0 | I17: =G17*F17 -> 0 | K17: 팩당 물량 | L17: 90 | M17: cc
B18: 17 | F18: =E18*$L$15 -> 0 | H18: =G18*E18 -> 0 | I18: =G18*F18 -> 0 | K18: 1첩당약재 | L18: =SUM(E2:E31) -> 67 | M18: g
B19: 18 | F19: =E19*$L$15 -> 0 | H19: =G19*E19 -> 0 | I19: =G19*F19 -> 0 | K19: 약재총량 | L19: =L15*L18 -> 1340 | M19: g
B20: 19 | F20: =E20*$L$15 -> 0 | H20: =G20*E20 -> 0 | I20: =G20*F20 -> 0 | K20: 총 물 양 | L20: =L16*L17+L19 -> 5390 | M20: cc
B21: 20 | F21: =E21*$L$15 -> 0 | H21: =G21*E21 -> 0 | I21: =G21*F21 -> 0
B22: 21 | F22: =E22*$L$15 -> 0 | H22: =G22*E22 -> 0 | I22: =G22*F22 -> 0 | K22: 참고치
B23: 22 | F23: =E23*$L$15 -> 0 | H23: =G23*E23 -> 0 | I23: =G23*F23 -> 0 | K23: cross chk | L23: =SUM(F2:F31) -> 1340 | M23: g
B24: 23 | F24: =E24*$L$15 -> 0 | H24: =G24*E24 -> 0 | I24: =G24*F24 -> 0 | K24: 20첩물양 | L24: 5000 | M24: cc
B25: 24 | F25: =E25*$L$15 -> 0 | H25: =G25*E25 -> 0 | I25: =G25*F25 -> 0 | K25: 1첩당 | L25: 80-120 | M25: g
B26: 25 | F26: =E26*$L$15 -> 0 | H26: =G26*E26 -> 0 | I26: =G26*F26 -> 0 | K26: 20첩당 | L26: 1600 | M26: g
B27: 26 | F27: =E27*$L$15 -> 0 | H27: =G27*E27 -> 0 | I27: =G27*F27 -> 0 | K27: 1돈 환산 | L27: 4 | M27: g
B28: 27 | F28: =E28*$L$15 -> 0 | H28: =G28*E28 -> 0 | I28: =G28*F28 -> 0
B29: 28 | F29: =E29*$L$15 -> 0 | H29: =G29*E29 -> 0 | I29: =G29*F29 -> 0 | K29: 금액
B30: 29 | F30: =E30*$L$15 -> 0 | H30: =G30*E30 -> 0 | I30: =G30*F30 -> 0 | K30: 1첩당 | L30: =SUM(H2:H31) -> 1281.4 | M30: 원
B31: 30 | F31: =E31*$L$15 -> 0 | H31: =G31*E31 -> 0 | I31: =G31*F31 -> 0 | K31: 총 | L31: =SUM(I2:I31) -> 25628 | M31: 원

Sheet 처방전양식
B1: No. | C1: 약재명 | D1: 수치 | E1: 그램 | F1: 총용량 | G1: 1g 금액 | H1: 1첩 금액 | I1: 총 금액 | K1: 기본 정보
B2: 1 | C2: 당귀1 | E2: 8 | F2: =E2*$L$15 -> 160 | G2: =VLOOKUP($C2,약재관리!A:J,10,FALSE) -> 25 | H2: =G2*E2 -> 200 | I2: =G2*F2 -> 4000 | K2: UNIT | L2: 31
B3: 2 | C3: 향부자 | E3: 6 | F3: =E3*$L$15 -> 120 | G3: =VLOOKUP($C3,약재관리!A:J,10,FALSE) -> 14.4 | H3: =G3*E3 -> 86.4 | I3: =G3*F3 -> 1728 | K3: 처방명 | L3: 당귀수산
B4: 3 | C4: 오약 | E4: 6 | F4: =E4*$L$15 -> 120 | G4: =VLOOKUP($C4,약재관리!A:J,10,FALSE) -> 9.2 | H4: =G4*E4 -> 55.2 | I4: =G4*F4 -> 1104 | K4: 날짜 | L4: 45581
B5: 4 | C5: 소목 | E5: 8 | F5: =E5*$L$15 -> 160 | G5: =VLOOKUP($C5,약재관리!A:J,10,FALSE) -> 6.2 | H5: =G5*E5 -> 49.6 | I5: =G5*F5 -> 992 | K5: 이름 | L5: 상비약
B6: 5 | C6: 백작약 | E6: 6 | F6: =E6*$L$15 -> 120 | G6: =VLOOKUP($C6,약재관리!A:J,10,FALSE) -> 19.6 | H6: =G6*E6 -> 117.6 | I6: =G6*F6 -> 2352 | K6: 나이
B7: 6 | C7: 육계 | E7: 3 | F7: =E7*$L$15 -> 60 | G7: =VLOOKUP($C7,약재관리!A:J,10,FALSE) -> 14.8 | H7: =G7*E7 -> 44.4 | I7: =G7*F7 -> 888 | K7: 성별
B8: 7 | C8: 홍화 | E8: 3 | F8: =E8*$L$15 -> 60 | G8: =VLOOKUP($C8,약재관리!A:J,10,FALSE) -> 44.2 | H8: =G8*E8 -> 132.6 | I8: =G8*F8 -> 2652 | K8: 메모
B9: 8 | C9: 천궁1 | E9: 3 | F9: =E9*$L$15 -> 60 | G9: =VLOOKUP($C9,약재관리!A:J,10,FALSE) -> 10.8 | H9: =G9*E9 -> 32.4 | I9: =G9*F9 -> 648 | K9: 주수상반 (담금주 30도 1.2L)
B10: 9 | C10: 청피 | E10: 3 | F10: =E10*$L$15 -> 60 | G10: =VLOOKUP($C10,약재관리!A:J,10,FALSE) -> 7.3 | H10: =G10*E10 -> 21.9 | I10: =G10*F10 -> 438
B11: 10 | C11: 도인 | E11: 3 | F11: =E11*$L$15 -> 60 | G11: =VLOOKUP($C11,약재관리!A:J,10,FALSE) -> 13.3 | H11: =G11*E11 -> 39.9 | I11: =G11*F11 -> 798
B12: 11 | C12: 백개자 | E12: 2 | F12: =E12*$L$15 -> 40 | G12: =VLOOKUP($C12,약재관리!A:J,10,FALSE) -> 7.2 | H12: =G12*E12 -> 14.4 | I12: =G12*F12 -> 288
B13: 12 | C13: 현호색 | E13: 4 | F13: =E13*$L$15 -> 80 | G13: =VLOOKUP($C13,약재관리!A:J,10,FALSE) -> 46.7 | H13: =G13*E13 -> 186.8 | I13: =G13*F13 -> 3736
B14: 13 | F14: =E14*$L$15 -> 0 | H14: =G14*E14 -> 0 | I14: =G14*F14 -> 0 | K14: 총 일수 | L14: 15 | M14: 일분
B15: 14 | F15: =E15*$L$15 -> 0 | H15: =G15*E15 -> 0 | I15: =G15*F15 -> 0 | K15: 첩수 | L15: 20 | M15: 첩
B16: 15 | F16: =E16*$L$15 -> 0 | H16: =G16*E16 -> 0 | I16: =G16*F16 -> 0 | K16: 총 팩수 | L16: 45 | M16: 팩
B17: 16 | F17: =E17*$L$15 -> 0 | H17: =G17*E17 -> 0 | I17: =G17*F17 -> 0 | K17: 팩당 물량 | L17: 90 | M17: cc
B18: 17 | F18: =E18*$L$15 -> 0 | H18: =G18*E18 -> 0 | I18: =G18*F18 -> 0 | K18: 1첩당약재 | L18: =SUM(E2:E31) -> 55 | M18: g
B19: 18 | F19: =E19*$L$15 -> 0 | H19: =G19*E19 -> 0 | I19: =G19*F19 -> 0 | K19: 약재총량 | L19: =L15*L18 -> 1100 | M19: g
B20: 19 | F20: =E20*$L$15 -> 0 | H20: =G20*E20 -> 0 | I20: =G20*F20 -> 0 | K20: 총 물 양 | L20: =L16*L17+L19 -> 5150 | M20: cc
B21: 20 | F21: =E21*$L$15 -> 0 | H21: =G21*E21 -> 0 | I21: =G21*F21 -> 0
B22: 21 | F22: =E22*$L$15 -> 0 | H22: =G22*E22 -> 0 | I22: =G22*F22 -> 0 | K22: 참고치
B23: 22 | F23: =E23*$L$15 -> 0 | H23: =G23*E23 -> 0 | I23: =G23*F23 -> 0 | K23: cross chk | L23: =SUM(F2:F31) -> 1100 | M23: g
B24: 23 | F24: =E24*$L$15 -> 0 | H24: =G24*E24 -> 0 | I24: =G24*F24 -> 0 | K24: 20첩물양 | L24: 5000 | M24: cc
B25: 24 | F25: =E25*$L$15 -> 0 | H25: =G25*E25 -> 0 | I25: =G25*F25 -> 0 | K25: 1첩당 | L25: 80-120 | M25: g
B26: 25 | F26: =E26*$L$15 -> 0 | H26: =G26*E26 -> 0 | I26: =G26*F26 -> 0 | K26: 20첩당 | L26: 1600 | M26: g
B27: 26 | F27: =E27*$L$15 -> 0 | H27: =G27*E27 -> 0 | I27: =G27*F27 -> 0 | K27: 1돈 환산 | L27: 4 | M27: g
B28: 27 | F28: =E28*$L$15 -> 0 | H28: =G28*E28 -> 0 | I28: =G28*F28 -> 0
B29: 28 | F29: =E29*$L$15 -> 0 | H29: =G29*E29 -> 0 | I29: =G29*F29 -> 0 | K29: 금액
B30: 29 | F30: =E30*$L$15 -> 0 | H30: =G30*E30 -> 0 | I30: =G30*F30 -> 0 | K30: 1첩당 | L30: =SUM(H2:H31) -> 981.2 | M30: 원
B31: 30 | F31: =E31*$L$15 -> 0 | H31: =G31*E31 -> 0 | I31: =G31*F31 -> 0 | K31: 총 | L31: =SUM(I2:I31) -> 19624 | M31: 원

Sheet 약재관리
A1: 약재 이름 | B1: 옴니허브 | C1: 한퓨어 | D1: 신우한방 | E1: 바른한약 | F1: 옴니허브 | G1: 한퓨어 | H1: 신우한방 | I1: 바른한약 | J1: 최종 | K1: 옴니허브 | L1: 한퓨어 | M1: 신우한방 | N1: 바른한약
A2: 45577 | B2: 구입단가 | C2: 구입단가 | D2: 구입단가 | E2: 구입단가 | F2: 1g | G2: 1g | H2: 1g | I2: 1g | J2: 1g | K2: 500g | L2: 500g | M2: 600g | N2: 600g
A3: 갈근1 | B3: 9900 | C3: 9000 | D3: 10500 | E3: 9900 | F3: =B3/500 -> 19.8 | G3: =C3/500 -> 18 | H3: =D3/600 -> 17.5 | I3: =E3/600 -> 16.5 | J3: 16.5 | L3: 선일국산 | M3: 토 | N3: 퓨어마인드국산
A4: 갈근2 | C4: 2700 | F4: =B4/500 -> 0 | G4: =C4/500 -> 5.4 | H4: =D4/600 -> 0 | I4: =E4/600 -> 0 | L4: 이풀잎중국
A5: 감국 | F5: =B5/500 -> 0 | G5: =C5/500 -> 0 | H5: =D5/600 -> 0 | I5: =E5/600 -> 0
A6: 감수 | C6: 23400 | E6: 27100 | F6: =B6/500 -> 0 | G6: =C6/600 -> 39 | H6: =D6/600 -> 0 | I6: =E6/600 -> 45.166667 | J6: 45.2 | L6: 600g씨케이중국 | N6: 씨케이중국
A7: 감초 | D7: 17000 | E7: 25500 | F7: =B7/500 -> 0 | G7: =C7/500 -> 0 | H7: =D7/600 -> 28.333333 | I7: =E7/600 -> 42.5 | J7: 28.3 | M7: 양외2 | N7: 양외1
A8: 강활1 | B8: 27200 | C8: 20500 | D8: 24000 | F8: =B8/500 -> 54.4 | G8: =C8/500 -> 41 | H8: =D8/600 -> 40 | I8: =E8/600 -> 0 | J8: 40 | L8: 선일국산 | M8: 토
A9: 강활2 | C9: 18700 | D9: 21000 | E9: 23300 | F9: =B9/500 -> 0 | G9: =C9/500 -> 37.4 | H9: =D9/600 -> 35 | I9: =E9/600 -> 38.833333 | J9: 38.8 | L9: 태극인국산 | N9: 선일국산
A10: 강황 | C10: 3300 | D10: 5000 | F10: =B10/500 -> 0 | G10: =C10/500 -> 6.6 | H10: =D10/600 -> 8.3333333 | I10: =E10/600 -> 0 | J10: 8.3 | M10: 인도
A11: 건강 | C11: 4500 | D11: 8000 | F11: =B11/500 -> 0 | G11: =C11/500 -> 9 | H11: =D11/600 -> 13.333333 | I11: =E11/600 -> 0 | J11: 13.3
A12: 건율 | C12: 13500 | D12: 16500 | E12: 16700 | F12: =B12/500 -> 0 | G12: =C12/500 -> 27 | H12: =D12/600 -> 27.5 | I12: =E12/600 -> 27.833333 | J12: 27.5 | M12: 토 | N12: (절, 토)
A13: 건지황 | B13: 19900 | C13: 7200 | D13: 11000 | E13: 8900 | F13: =B13/500 -> 39.8 | G13: =C13/500 -> 14.4 | H13: =D13/600 -> 18.333333 | I13: =E13/600 -> 14.833333 | J13: 14.4 | L13: 허브팜중국
A14: 검인 | F14: =B14/500 -> 0 | G14: =C14/500 -> 0 | H14: =D14/600 -> 0 | I14: =E14/600 -> 0
A15: 결명자 | F15: =B15/500 -> 0 | G15: =C15/500 -> 0 | H15: =D15/600 -> 0 | I15: =E15/600 -> 0
A16: 계지 | B16: 4500 | C16: 2000 | D16: 3500 | E16: 2900 | F16: =B16/500 -> 9 | G16: =C16/500 -> 4 | H16: =D16/600 -> 5.8333333 | I16: =E16/600 -> 4.8333333 | J16: 4.8 | L16: 씨케이베트남 | M16: 세 | N16: 엔탭베트남
A17: 고량강 | C17: 10200 | E17: 11100 | F17: =B17/500 -> 0 | G17: =C17/600 -> 17 | H17: =D17/600 -> 0 | I17: =E17/600 -> 18.5 | J17: 17 | L17: 600g 씨케이중국 | N17: 씨케이중국
A18: 고본 | C18: 32000 | E18: 36800 | F18: =B18/500 -> 0 | G18: =C18/500 -> 64 | H18: =D18/600 -> 0 | I18: =E18/600 -> 61.333333 | J18: 61.3 | N18: 퓨어마인드국산
A19: 고삼 | C19: 4500 | F19: =B19/500 -> 0 | G19: =C19/500 -> 9 | H19: =D19/600 -> 0 | I19: =E19/600 -> 0 | J19: 9 | L19: 한솔중국
A20: 골쇄보 | F20: =B20/500 -> 0 | G20: =C20/500 -> 0 | H20: =D20/600 -> 0 | I20: =E20/600 -> 0
A21: 과루인 | C21: 3500 | D21: 6500 | F21: =B21/500 -> 0 | G21: =C21/500 -> 7 | H21: =D21/600 -> 10.833333 | I21: =E21/600 -> 0 | J21: 10.8 | M21: (추)
A22: 곽향1 | B22: 6900 | C22: 5600 | E22: 6900 | F22: =B22/500 -> 13.8 | G22: =C22/500 -> 11.2 | H22: =D22/600 -> 0 | I22: =E22/600 -> 11.5 | J22: 13.8 | L22: 선일국산 | N22: 씨케이국산
A23: 곽향2 | B23: 4600 | C23: 3500 | E23: 4800 | F23: =B23/500 -> 9.2 | G23: =C23/500 -> 7 | H23: =D23/600 -> 0 | I23: =E23/600 -> 8 | J23: 7 | K23: 인도네시아 | L23: 올본인도네시아 | N23: 엔탭인도네시아
A24: 관동화 | C24: 46000 | D24: 70000 | E24: 75400 | F24: =B24/500 -> 0 | G24: =C24/300 -> 153.33333 | H24: =D24/600 -> 116.66667 | I24: =E24/600 -> 125.66667 | J24: 116.7 | L24: 300g | N24: 엔탭중국
A25: 괴화 | F25: =B25/500 -> 0 | G25: =C25/500 -> 0 | H25: =D25/600 -> 0 | I25: =E25/600 -> 0
A26: 구기자 | B26: 14900 | C26: 8700 | D26: 9000 | E26: 8000 | F26: =B26/500 -> 29.8 | G26: =C26/500 -> 17.4 | H26: =D26/600 -> 15 | I26: =E26/600 -> 13.333333 | J26: 13.3 | N26: 엔탭중국영하
A27: 구맥 | F27: =B27/500 -> 0 | G27: =C27/500 -> 0 | H27: =D27/600 -> 0 | I27: =E27/600 -> 0
A28: 구척 | F28: =B28/500 -> 0 | G28: =C28/500 -> 0 | H28: =D28/600 -> 0 | I28: =E28/600 -> 0
A29: 귀판 | C29: 20500 | D29: 19000 | F29: =B29/500 -> 0 | G29: =C29/600 -> 34.166667 | H29: =D29/600 -> 31.666667 | I29: =E29/600 -> 0 | J29: 31.7 | L29: 600g추말/자연세상인도네시아
A30: 금은화 | C30: 22000 | E30: 30800 | F30: =B30/500 -> 0 | G30: =C30/500 -> 44 | H30: =D30/600 -> 0 | I30: =E30/600 -> 51.333333 | J30: 44 | L30: 한솔중국 | N30: 엔탭중국
A31: 길경 | B31: 11500 | C31: 12900 | D31: 7500 | E31: 6700 | F31: =B31/500 -> 23 | G31: =C31/500 -> 25.8 | H31: =D31/600 -> 12.5 | I31: =E31/600 -> 11.166667 | J31: 11.2 | K31: (중국4-5년) | L31: 선일국산 | M31: (편) | N31: 엔탭중국야생3년
A32: 나복자 | C32: 3000 | D32: 4000 | F32: =B32/500 -> 0 | G32: =C32/500 -> 6 | H32: =D32/600 -> 6.6666667 | I32: =E32/600 -> 0 | J32: 6.7 | L32: 올본인도/추말 | M32: 추
A33: 남성 | C33: 13000 | D33: 13000 | F33: =B33/500 -> 0 | G33: =C33/500 -> 26 | H33: =D33/500 -> 26 | I33: =E33/600 -> 0 | J33: 26 | L33: 생강백반제/신흥중국 | M33: 500g생강백반제/신흥중국
A34: 녹용 | C34: 278000 | F34: =B34/500 -> 0 | G34: =C34/600 -> 463.33333 | H34: =D34/600 -> 0 | I34: =E34/600 -> 0 | J34: 463.3 | L34: 600g
A35: 단삼 | C35: 6600 | E35: 8900 | F35: =B35/500 -> 0 | G35: =C35/500 -> 13.2 | H35: =D35/600 -> 0 | I35: =E35/600 -> 14.833333 | J35: 14.8 | L35: 허브팜중국 | N35: 엔탭중국
A36: 담두시 | D36: 8000 | F36: =B36/500 -> 0 | G36: =C36/500 -> 0 | H36: =D36/600 -> 13.333333 | I36: =E36/600 -> 0 | J36: 13.3
A37: 당귀1 | B37: 14900 | C37: 12000 | D37: 15000 | E37: 15000 | F37: =B37/500 -> 29.8 | G37: =C37/500 -> 24 | H37: =D37/600 -> 25 | I37: =E37/600 -> 25 | J37: 25 | L37: 선일국산 | N37: 선일국산
A38: 당귀2 | C38: 12700 | E38: 13800 | F38: =B38/500 -> 0 | G38: =C38/500 -> 25.4 | H38: =D38/600 -> 0 | I38: =E38/600 -> 23 | J38: 23 | L38: 선일국산 | N38: 선일국산
A39: 당삼 | C39: 26500 | D39: 32000 | F39: =B39/500 -> 0 | G39: =C39/500 -> 53 | H39: =D39/600 -> 53.333333 | I39: =E39/600 -> 0 | J39: 53.3
A40: 대두황권 | C40: 13000 | E40: 15800 | F40: =B40/500 -> 0 | G40: =C40/500 -> 26 | H40: =D40/600 -> 0 | I40: =E40/600 -> 26.333333 | J40: 26 | L40: 씨케이중국 | N40: 씨케이중국
A41: 대복피 | D41: 4000 | E41: 3200 | F41: =B41/500 -> 0 | G41: =C41/500 -> 0 | H41: =D41/600 -> 6.6666667 | I41: =E41/600 -> 5.3333333 | J41: 5.3 | N41: 엔탭인도네시아
A42: 대추 | C42: 10300 | D42: 10000 | E42: 12500 | F42: =B42/500 -> 0 | G42: =C42/500 -> 20.6 | H42: =D42/600 -> 16.666667 | I42: =E42/600 -> 20.833333 | J42: 20.8 | L42: 선일국산/절 | M42: 토 | N42: 한도국산/절
A43: 대황 | C43: 4500 | D43: 9500 | E43: 7800 | F43: =B43/500 -> 0 | G43: =C43/500 -> 9 | H43: =D43/600 -> 15.833333 | I43: =E43/600 -> 13 | J43: 13 | M43: (종) | N43: 당고특금문/퓨어마인드
A44: 도인 | C44: 6200 | D44: 8000 | F44: =B44/500 -> 0 | G44: =C44/500 -> 12.4 | H44: =D44/600 -> 13.333333 | I44: =E44/600 -> 0 | J44: 13.3 | M44: (편)
A45: 독활 | C45: 15600 | D45: 19000 | E45: 23100 | F45: =B45/500 -> 0 | G45: =C45/500 -> 31.2 | H45: =D45/600 -> 31.666667 | I45: =E45/600 -> 38.5 | J45: 31.2 | L45: 선일국산 | M45: 토
A46: 동과자 | D46: 7000 | F46: =B46/500 -> 0 | G46: =C46/500 -> 0 | H46: =D46/600 -> 11.666667 | I46: =E46/600 -> 0 | J46: 11.7
A47: 두충 | C47: 5700 | E47: 6500 | F47: =B47/500 -> 0 | G47: =C47/500 -> 11.4 | H47: =D47/600 -> 0 | I47: =E47/600 -> 10.833333 | J47: 10.8 | L47: 올본중국 | N47: 거피/엔탭중국
A48: 등심초 | C48: 6500 | D48: 7000 | E48: 6700 | F48: =B48/500 -> 0 | G48: =C48/100 -> 65 | H48: =D48/100 -> 70 | I48: =E48/100 -> 67 | J48: 65 | L48: 100g 올본중국 | M48: 100g | N48: 100g 엔탭중국
A49: 마자인 | C49: 4000 | E49: 5100 | F49: =B49/500 -> 0 | G49: =C49/500 -> 8 | H49: =D49/600 -> 0 | I49: =E49/600 -> 8.5 | J49: 8 | L49: 씨케이중국 | N49: 엔탭중국
A50: 마황 | C50: 4200 | D50: 7500 | E50: 5100 | F50: =B50/500 -> 0 | G50: =C50/500 -> 8.4 | H50: =D50/600 -> 12.5 | I50: =E50/600 -> 8.5 | J50: 8.5 | L50: 씨케이중국 | N50: 씨케이 중국
A51: 만형자 | C51: 13200 | E51: 15800 | F51: =B51/500 -> 0 | G51: =C51/500 -> 26.4 | H51: =D51/600 -> 0 | I51: =E51/600 -> 26.333333 | J51: 26.3 | L51: 허브팜인도네시아 | N51: 현진중국
A52: 망초 | C52: 3000 | D52: 4000 | F52: =B52/500 -> 0 | G52: =C52/600 -> 5 | H52: =D52/600 -> 6.6666667 | I52: =E52/600 -> 0 | J52: 5 | L52: 600g씨케이중국
A53: 맥문동 | C53: 34500 | D53: 39000 | E53: 26600 | F53: =B53/500 -> 0 | G53: =C53/500 -> 69 | H53: =D53/600 -> 65 | I53: =E53/600 -> 44.333333 | J53: 44.3 | L53: 선일국산(밀양) | M53: 토 | N53: 한동허브중국
A54: 맥아 | C54: 8000 | D54: 7500 | E54: 8000 | F54: =B54/500 -> 0 | G54: =C54/1000 -> 8 | H54: =D54/1000 -> 7.5 | I54: =E54/1000 -> 8 | J54: 7.5 | L54: 1kg신흥국산 | M54: 1kg신흥국산 | N54: 1kg신흥국산
A55: 모과 | C55: 4700 | D55: 7000 | F55: =B55/500 -> 0 | G55: =C55/500 -> 9.4 | H55: =D55/600 -> 11.666667 | I55: =E55/600 -> 0 | J55: 11.7
A56: 모려 | C56: 8000 | F56: =B56/500 -> 0 | G56: =C56/1000 -> 8 | H56: =D56/600 -> 0 | I56: =E56/600 -> 0 | J56: 8 | L56: 1kg신흥국산
A57: 목단피 | B57: 18500 | C57: 12500 | D57: 15000 | E57: 18900 | F57: =B57/500 -> 37 | G57: =C57/500 -> 25 | H57: =D57/600 -> 25 | I57: =E57/600 -> 31.5 | J57: 31.5 | L57: 한솔중국 | N57: 엔탭중국
A58: 목통 | C58: 5400 | D58: 7000 | E58: 6400 | F58: =B58/500 -> 0 | G58: =C58/500 -> 10.8 | H58: =D58/600 -> 11.666667 | I58: =E58/600 -> 10.666667 | J58: 10.7 | M58: (특) | N58: 자담국산
A59: 목향 | C59: 6000 | D59: 7000 | E59: 5900 | F59: =B59/500 -> 0 | G59: =C59/600 -> 10 | H59: =D59/600 -> 11.666667 | I59: =E59/600 -> 9.8333333 | J59: 9.8 | L59: 600g | M59: (특) | N59: 엔탭중국
A60: 몰약 | E60: 10500 | F60: =B60/500 -> 0 | G60: =C60/500 -> 0 | H60: =D60/600 -> 0 | I60: =E60/600 -> 17.5 | J60: 17.5 | N60: 엔탭중국
A61: 박하 | C61: 10900 | E61: 14000 | F61: =B61/500 -> 0 | G61: =C61/500 -> 21.8 | H61: =D61/600 -> 0 | I61: =E61/600 -> 23.333333 | J61: 21.8 | L61: 선일국산 | N61: 국산
A62: 반하 | C62: 26500 | D62: 26500 | E62: 23500 | F62: =B62/500 -> 0 | G62: =C62/500 -> 53 | H62: =D62/500 -> 53 | I62: =E62/500 -> 47 | J62: 47 | L62: 법/신흥중국 | M62: 500g (신흥,법) | N62: 500g (신흥,법)
A63: 방기1 | E63: 42100 | F63: =B63/500 -> 0 | G63: =C63/500 -> 0 | H63: =D63/600 -> 0 | I63: =E63/600 -> 70.166667 | J63: 70.2 | N63: 보국약품, 중국
A64: 방기2 | C64: 3000 | E64: 3500 | F64: =B64/500 -> 0 | G64: =C64/500 -> 6 | H64: =D64/600 -> 0 | I64: =E64/600 -> 5.8333333 | J64: 5.8 | L64: 씨케이중국 | N64: 씨케이중국
A65: 방기3 | F65: =B65/500 -> 0 | G65: =C65/500 -> 0 | H65: =D65/600 -> 0 | I65: =E65/600 -> 0
A66: 방풍1 | E66: 9400 | F66: =B66/500 -> 0 | G66: =C66/500 -> 0 | H66: =D66/600 -> 0 | I66: =E66/600 -> 15.666667 | J66: 15.7 | N66: 엔탭중국
A67: 방풍2 | C67: 11300 | D67: 14000 | F67: =B67/500 -> 0 | G67: =C67/500 -> 22.6 | H67: =D67/600 -> 23.333333 | I67: =E67/600 -> 0 | J67: 22.6 | L67: 선일국산
A68: 백강잠 | C68: 14000 | F68: =B68/500 -> 0 | G68: =C68/500 -> 28 | H68: =D68/600 -> 0 | I68: =E68/600 -> 0 | J68: 28 | L68: 허브팜중국
A69: 백개자 | C69: 3600 | F69: =B69/500 -> 0 | G69: =C69/500 -> 7.2 | H69: =D69/600 -> 0 | I69: =E69/600 -> 0 | J69: 7.2 | L69: 올본중국
A70: 백두구 | C70: 10500 | E70: 12600 | F70: =B70/500 -> 0 | G70: =C70/500 -> 21 | H70: =D70/600 -> 0 | I70: =E70/600 -> 21 | L70: 올본인도네시아/추말 | N70: 중국/유피추말
A71: 백부근 | C71: 10700 | D71: 14000 | F71: =B71/500 -> 0 | G71: =C71/500 -> 21.4 | H71: =D71/600 -> 23.333333 | I71: =E71/600 -> 0 | J71: 23.3
A72: 백부자 | F72: =B72/500 -> 0 | G72: =C72/500 -> 0 | H72: =D72/600 -> 0 | I72: =E72/600 -> 0
A73: 백자인 | C73: 21500 | D73: 32000 | E73: 30600 | F73: =B73/500 -> 0 | G73: =C73/500 -> 43 | H73: =D73/600 -> 53.333333 | I73: =E73/600 -> 51 | J73: 43 | L73: 푸른무약중국
A74: 백작약 | B74: 9800 | C74: 9000 | D74: 15000 | E74: 9200 | F74: =B74/500 -> 19.6 | G74: =C74/500 -> 18 | H74: =D74/600 -> 25 | I74: =E74/600 -> 15.333333 | J74: 19.6 | K74: 4년근이상 | L74: 선일국산/유피 | N74: 퓨어마인드국산
A75: 백지 | B75: 16900 | C75: 13200 | D75: 15000 | E75: 16300 | F75: =B75/500 -> 33.8 | G75: =C75/500 -> 26.4 | H75: =D75/600 -> 25 | I75: =E75/600 -> 27.166667 | J75: 26.4 | L75: 선일국산 | M75: 토 | N75: 선일국산
A76: 백질려 | F76: =B76/500 -> 0 | G76: =C76/500 -> 0 | H76: =D76/600 -> 0 | I76: =E76/600 -> 0
A77: 백출 | E77: 17000 | F77: =B77/500 -> 0 | G77: =C77/500 -> 0 | H77: =D77/600 -> 0 | I77: =E77/600 -> 28.333333 | J77: 28.3 | N77: 엔탭중국
A78: 백편두 | C78: 6300 | F78: =B78/500 -> 0 | G78: =C78/600 -> 10.5 | H78: =D78/600 -> 0 | I78: =E78/600 -> 0 | J78: 10.5 | L78: 600g씨케이미얀마/초추말
A79: 백하수오 | C79: 23000 | E79: 29900 | F79: =B79/500 -> 0 | G79: =C79/500 -> 46 | H79: =D79/600 -> 0 | I79: =E79/600 -> 49.833333 | J79: 49.8 | L79: 선일국산 | N79: 은조롱/광명당제약국산
A80: 별갑 | C80: 20500 | E80: 16600 | F80: =B80/500 -> 0 | G80: =C80/600 -> 34.166667 | H80: =D80/600 -> 0 | I80: =E80/600 -> 27.666667 | L80: 600g자연세상인도네시아 | N80: 인도
A81: 복령 | B81: 9900 | C81: 5500 | D81: 7000 | E81: 6600 | F81: =B81/500 -> 19.8 | G81: =C81/500 -> 11 | H81: =D81/600 -> 11.666667 | I81: =E81/600 -> 11 | J81: 11 | K81: 대별산 | N81: 엔탭중국
A82: 복분자 | C82: 5200 | F82: =B82/500 -> 0 | G82: =C82/500 -> 10.4 | H82: =D82/600 -> 0 | I82: =E82/600 -> 0 | J82: 10.4 | L82: 바른중국
A83: 복신 | D83: 16000 | F83: =B83/500 -> 0 | G83: =C83/500 -> 0 | H83: =D83/600 -> 26.666667 | I83: =E83/600 -> 0
A84: 봉출 | C84: 4500 | D84: 6500 | E84: 5900 | F84: =B84/500 -> 0 | G84: =C84/500 -> 9 | H84: =D84/600 -> 10.833333 | I84: =E84/600 -> 9.8333333 | J84: 10.8 | L84: 씨케이중국 | N84: 허브팜중국
A85: 부자 | D85: 11000 | E85: 11900 | F85: =B85/500 -> 0 | G85: =C85/500 -> 0 | H85: =D85/600 -> 18.333333 | I85: =E85/600 -> 19.833333 | J85: 18.3 | M85: 경포 | N85: 중국
A86: 빈랑 | C86: 4200 | D86: 7000 | E86: 5000 | F86: =B86/500 -> 0 | G86: =C86/500 -> 8.4 | H86: =D86/600 -> 11.666667 | I86: =E86/600 -> 8.3333333 | J86: 8.3 | N86: 엔탭인도네시아
A87: 사삼 | D87: 16500 | E87: 16300 | F87: =B87/500 -> 0 | G87: =C87/500 -> 0 | H87: =D87/600 -> 27.5 | I87: =E87/600 -> 27.166667 | J87: 27.2 | N87: 엔탭중국
A88: 사인 | C88: 11000 | D88: 15000 | E88: 13100 | F88: =B88/500 -> 0 | G88: =C88/500 -> 22 | H88: =D88/600 -> 25 | I88: =E88/600 -> 21.833333 | J88: 21.8 | L88: 초추 | M88: 초추 | N88: 엔탭미얀마/추말
A89: 산사 | C89: 3500 | D89: 4500 | E89: 4300 | F89: =B89/500 -> 0 | G89: =C89/500 -> 7 | H89: =D89/600 -> 7.5 | I89: =E89/600 -> 7.1666667 | J89: 7 | L89: 올본중국 | N89: 엔탭중국
A90: 산수유 | C90: 15600 | D90: 20000 | E90: 22000 | F90: =B90/500 -> 0 | G90: =C90/500 -> 31.2 | H90: =D90/600 -> 33.333333 | I90: =E90/600 -> 36.666667 | J90: 31.2 | L90: 선일국산(구례) | M90: (토) | N90: 국산(구례)
A91: 산약 | C91: 10400 | D91: 11000 | E91: 24600 | F91: =B91/500 -> 0 | G91: =C91/500 -> 20.8 | H91: =D91/600 -> 18.333333 | I91: =E91/600 -> 41 | J91: 18.3 | L91: 태극인국산/유피 | M91: 거피 | N91: 선일국산/거피
A92: 산조인 | C92: 125800 | E92: 169000 | F92: =B92/500 -> 0 | G92: =C92/500 -> 251.6 | H92: =D92/600 -> 0 | I92: =E92/600 -> 281.66667 | L92: 휴먼중국/원/초 | N92: 엔탭중국/원/초
A93: 삼릉 | C93: 3800 | D93: 5500 | E93: 4900 | F93: =B93/500 -> 0 | G93: =C93/500 -> 7.6 | H93: =D93/600 -> 9.1666667 | I93: =E93/600 -> 8.1666667 | J93: 9.2 | L93: 허브팜중국 | N93: 엔탭중국
A94: 상기생 | F94: =B94/500 -> 0 | G94: =C94/500 -> 0 | H94: =D94/600 -> 0 | I94: =E94/600 -> 0
A95: 상백피 | C95: 17500 | E95: 20100 | F95: =B95/500 -> 0 | G95: =C95/500 -> 35 | H95: =D95/600 -> 0 | I95: =E95/600 -> 33.5 | J95: 35 | L95: 선일국산 | N95: 선일국산
A96: 상표초 | F96: =B96/500 -> 0 | G96: =C96/500 -> 0 | H96: =D96/600 -> 0 | I96: =E96/600 -> 0
A97: 생강 | B97: 7500 | C97: 9000 | D97: 9000 | F97: =B97/500 -> 15 | G97: =C97/500 -> 18 | H97: =D97/600 -> 15 | I97: =E97/600 -> 0 | J97: 15 | L97: 국산 | M97: 국산
A98: 생지황 | B98: 10300 | C98: 8700 | D98: 9000 | F98: =B98/500 -> 20.6 | G98: =C98/500 -> 17.4 | H98: =D98/600 -> 15 | I98: =E98/600 -> 0 | J98: 17.4 | L98: 국산
A99: 석고 | C99: 5500 | E99: 3000 | F99: =B99/500 -> 0 | G99: =C99/1000 -> 5.5 | H99: =D99/600 -> 0 | I99: =E99/1000 -> 3 | J99: 5.5 | L99: 1kg신흥중국 | N99: 1kg엔탭중국/결정
A100: 석곡 | F100: =B100/500 -> 0 | G100: =C100/500 -> 0 | H100: =D100/600 -> 0 | I100: =E100/600 -> 0
...
